"Player","Team","Positions","AB","R","HR","RBI","SB","AVG","OBP","H","2B","3B","BB","SO","SLG","OPS","PTS"
"Shohei Ohtani (Batter)","LAD","DH","568","124","47","111","24",".283",".383","161","29","5","92","163",".600",".983","787"
"Aaron Judge","NYY","LF,CF,RF","519","110","46","113","9",".290",".417","151","26","1","112","160",".612","1.028","724"
"Juan Soto","NYM","LF,RF","540","109","37","98","20",".273",".408","147","25","1","123","121",".533",".941","676"
"Bobby Witt Jr.","KC","SS","602","101","28","92","34",".292",".345","176","38","6","49","114",".518",".863","654"
"Kyle Schwarber","PHI","LF","554","98","41","103","6",".231",".347","128","20","1","98","189",".498",".844","642"
"Julio Rodriguez","SEA","CF","603","93","29","93","26",".271",".323","163","28","3","47","146",".477",".800","622"
"Ronald Acuna Jr.","ATL","RF","542","107","29","81","25",".283",".383","154","26","2","88","132",".505",".888","619"
"Jose Ramirez","CLE","3B","579","91","27","88","33",".273",".343","158","34","3","62","76",".483",".826","611"
"Cal Raleigh","SEA","C","543","87","39","100","8",".231",".325","126","23","0","76","169",".496",".821","609"
"Junior Caminero","TB","3B","581","84","36","103","5",".269",".319","156","27","1","42","123",".507",".826","606"
"Gunnar Henderson","BAL","SS","583","98","27","86","22",".272",".347","159","33","4","67","140",".483",".830","600"
"Pete Alonso","BAL","1B","578","86","36","103","2",".255",".325","148","29","1","60","150",".498",".823","600"
"Kyle Tucker","LAD","RF","529","94","29","91","21",".269",".367","142","28","2","82","92",".500",".867","599"
"Elly De La Cruz","CIN","SS","581","93","23","82","40",".261",".333","152","31","6","63","173",".456",".789","598"
"Vladimir Guerrero Jr.","TOR","1B","577","94","30","97","5",".295",".375","170","32","1","74","91",".513",".888","597"
"Corbin Carroll","ARI","CF,RF","534","98","26","81","33",".259",".339","138","27","11","64","128",".492",".831","597"
"Fernando Tatis Jr.","SD","RF","565","97","28","82","24",".269",".350","152","28","2","70","128",".480",".830","594"
"Brent Rooker","ATH","LF,RF","572","87","33","97","6",".264",".335","151","32","2","61","162",".499",".834","588"
"Nick Kurtz","ATH","1B","513","91","36","94","3",".258",".347","133","27","2","69","175",".527",".874","587"
"Pete Crow-Armstrong","CHC","CF","562","83","24","80","34",".249",".292","140","29","5","34","148",".445",".737","560"
"Jackson Chourio","MIL","LF,CF,RF","585","87","23","83","24",".269",".316","158","34","4","40","128",".462",".777","559"
"Zach Neto","LAA","SS","562","86","27","77","27",".253",".306","142","31","1","43","153",".453",".760","559"
"Matt Olson","ATL","1B","580","89","30","93","1",".251",".342","146","31","1","80","161",".465",".807","559"
"Rafael Devers","SF","1B","568","89","30","90","2",".252",".347","143","28","1","82","161",".467",".814","554"
"Jazz Chisholm Jr.","NYY","2B,3B","518","78","28","79","31",".240",".314","124","20","2","56","155",".446",".760","550"
"Francisco Lindor","NYM","SS","549","90","25","76","23",".259",".326","142","28","1","55","115",".451",".777","549"
"Bryce Harper","PHI","1B","537","84","27","88","10",".272",".362","146","33","1","76","135",".488",".850","545"
"Eugenio Suarez","CIN","3B","539","76","34","94","3",".234",".300","126","23","1","51","179",".471",".770","545"
"Ketel Marte","ARI","2B","540","89","27","85","6",".274",".355","148","29","2","67","101",".490",".845","542"
"Riley Greene","DET","LF,CF,RF","566","82","28","90","4",".260",".327","147","27","3","56","175",".467",".793","538"
"Austin Riley","ATL","3B","572","83","28","87","3",".261",".318","149","29","2","48","163",".471",".789","533"
"Manny Machado","SD","3B","574","79","26","88","9",".263",".323","151","27","0","51","124",".452",".775","532"
"Freddie Freeman","LAD","1B","555","86","23","87","8",".278",".354","154","35","2","65","119",".471",".825","531"
"James Wood","WSH","LF","546","83","25","80","16",".259",".348","142","31","2","74","184",".462",".810","529"
"Yordan Alvarez","HOU","LF","476","81","30","85","3",".293",".383","140","27","1","69","94",".547",".930","528"
"Trea Turner","PHI","SS","581","89","18","71","27",".281",".328","163","30","4","41","116",".440",".768","528"
"Willy Adames","SF","SS","572","82","26","83","11",".233",".317","133","26","1","70","165",".424",".741","523"
"Mookie Betts","LAD","SS","547","89","22","82","9",".268",".347","147","30","3","66","75",".454",".801","522"
"Wyatt Langford","TEX","LF,CF","530","83","24","74","21",".253",".341","134","27","2","71","142",".451",".792","519"
"Vinnie Pasquantino","KC","1B","566","75","27","92","1",".261",".324","148","31","1","52","93",".464",".788","518"
"Randy Arozarena","SEA","LF,CF","566","84","22","74","24",".232",".311","132","27","1","65","170",".405",".716","518"
"Byron Buxton","MIN","CF","478","80","28","73","17",".250",".309","119","25","4","41","145",".493",".802","512"
"Taylor Ward","BAL","LF","554","80","27","83","5",".242",".321","134","26","2","65","154",".441",".762","511"
"Jo Adell","LAA","CF,RF","513","69","31","84","9",".236",".290","121","21","2","39","153",".464",".754","509"
"Josh Naylor","SEA","1B","544","72","22","85","17",".263",".325","143","28","0","50","90",".436",".761","508"
"Teoscar Hernandez","LAD","LF,RF","526","73","27","85","6",".258",".306","136","27","1","36","154",".470",".776","504"
"George Springer","TOR","LF,CF,RF","516","83","24","73","14",".258",".335","133","23","2","59","115",".452",".787","503"
"Cody Bellinger","NYY","LF,CF,RF","542","78","23","80","11",".258",".320","140","25","3","50","92",".442",".762","500"
"Seiya Suzuki","CHC","LF,RF","530","76","25","82","8",".255",".335","135","26","3","64","152",".461",".796","500"
"CJ Abrams","WSH","SS","558","81","18","66","30",".252",".299","141","30","4","38","118",".419",".718","497"
"Jackson Merrill","SD","CF","556","78","22","79","8",".269",".318","149","30","4","40","117",".460",".778","493"
"Hunter Goodman","COL","C","511","70","28","85","2",".256",".303","131","29","3","34","145",".486",".789","492"
"Spencer Torkelson","DET","1B","545","76","27","82","2",".235",".318","128","28","1","66","161",".438",".756","492"
"Matt Chapman","SF","3B","536","80","24","76","9",".238",".326","127","28","2","70","154",".433",".759","490"
"Jarren Duran","BOS","LF,CF","550","83","16","70","23",".260",".322","143","36","7","50","143",".442",".764","488"
"Jeremy Pena","HOU","SS","576","81","18","69","18",".272",".317","157","30","2","38","112",".424",".741","487"
"Trevor Story","BOS","SS","542","73","20","74","22",".249",".295","135","27","1","35","159",".414",".709","486"
"Michael Busch","CHC","1B","510","77","27","77","3",".248",".326","127","25","3","59","145",".465",".792","486"
"Ian Happ","CHC","LF","550","81","22","76","8",".241",".337","132","30","1","80","151",".418",".755","484"
"Alex Bregman","CHC","3B","565","81","22","78","2",".252",".331","143","28","1","66","92",".423",".755","482"
"Maikel Garcia","KC","2B,3B,SS,OF","579","83","13","66","26",".270",".332","156","32","4","54","96",".405",".737","480"
"Andy Pages","LAD","LF,CF,RF","524","73","23","77","10",".256",".304","134","28","2","36","128",".450",".754","479"
"Brice Turang","MIL","2B","570","80","14","65","29",".257",".327","147","25","3","59","132",".384",".711","478"
"Shea Langeliers","ATH","C","471","69","28","78","6",".254",".310","120","25","1","39","118",".492",".802","478"
"Dansby Swanson","CHC","SS","565","75","21","73","15",".240",".304","136","25","2","52","159",".403",".708","478"
"Tyler Soderstrom","ATH","1B,LF","519","71","24","81","5",".256",".320","133","27","1","49","135",".455",".775","477"
"Bo Bichette","NYM","SS","574","76","18","79","6",".286",".332","164","31","2","40","102",".441",".773","476"
"Salvador Perez","KC","C,1B","543","63","27","87","0",".251",".290","136","25","0","30","122",".451",".741","476"
"Ezequiel Tovar","COL","SS","584","77","20","73","9",".264",".301","154","34","4","31","155",".437",".738","475"
"Corey Seager","TEX","SS","468","72","27","77","2",".272",".354","127","24","0","59","100",".499",".853","474"
"Brandon Nimmo","TEX","LF,CF","552","79","21","72","9",".249",".322","137","25","2","59","139",".421",".742","473"
"Christian Yelich","MIL","LF","512","74","19","75","16",".257",".339","131","22","1","64","141",".417",".756","472"
"Jose Altuve","HOU","2B,LF","548","77","20","71","12",".262",".324","143","26","1","51","105",".422",".747","472"
"Adolis Garcia","PHI","RF","519","68","24","78","11",".236",".288","122","25","1","38","149",".430",".719","471"
"Munetaka Murakami","CWS","1B,3B","475","70","28","74","9",".220",".326","105","16","1","75","185",".439",".765","471"
"Oneil Cruz","PIT","CF","470","70","22","65","28",".236",".317","111","22","3","56","160",".434",".752","470"
"Geraldo Perdomo","ARI","SS","550","87","13","65","20",".264",".354","145","28","4","77","85",".399",".753","469"
"Roman Anthony","BOS","LF,CF,RF","520","85","18","68","10",".267",".363","139","31","3","78","149",".441",".804","468"
"Yandy Diaz","TB","1B","556","77","20","75","2",".284",".352","158","28","1","58","94",".444",".796","467"
"Michael Harris II","ATL","CF","528","69","20","71","18",".269",".301","142","26","3","25","110",".446",".747","467"
"William Contreras","MIL","C","525","77","19","76","6",".267",".353","140","28","1","70","117",".436",".789","464"
"Lawrence Butler","ATH","CF,RF","512","73","21","67","19",".243",".310","124","26","2","50","148",".425",".735","464"
"Kyle Stowers","MIA","LF,CF,RF","501","68","25","78","4",".243",".316","122","24","3","54","160",".451",".767","461"
"Ben Rice","NYY","C,1B","465","72","26","73","4",".245",".323","114","23","2","53","113",".473",".796","459"
"Daulton Varsho","TOR","LF,CF","490","70","25","73","9",".225",".286","110","22","3","42","139",".435",".722","459"
"Gleyber Torres","DET","2B","561","80","18","70","6",".258",".343","145","26","1","72","111",".403",".746","457"
"Heliot Ramos","SF","LF,CF,RF","547","73","21","72","6",".254",".312","139","24","2","46","146",".423",".734","456"
"Luis Robert Jr.","NYM","CF","478","65","20","64","30",".235",".293","112","21","1","40","148",".406",".699","454"
"Bryan Reynolds","PIT","LF,CF,RF","564","74","19","74","5",".254",".320","143","29","3","55","153",".417",".737","454"
"Christian Walker","HOU","1B","511","67","25","77","3",".232",".296","118","22","1","46","146",".428",".724","453"
"Willson Contreras","BOS","1B","489","70","22","75","5",".251",".323","122","25","1","52","143",".443",".766","449"
"Jurickson Profar","ATL","LF","525","76","18","69","9",".251",".336","132","25","1","68","100",".406",".742","446"
"Ceddanne Rafaela","BOS","2B,CF","525","70","17","65","20",".255",".289","134","29","4","26","121",".416",".706","445"
"Brenton Doyle","COL","CF","515","67","18","65","20",".247",".296","128","24","3","36","152",".410",".706","440"
"Ozzie Albies","ATL","2B","541","70","17","71","11",".250",".307","135","27","2","44","89",".407",".714","440"
"Marcus Semien","NYM","2B","535","74","18","69","9",".240",".309","128","23","2","54","99",".394",".703","440"
"Jake Burger","TEX","1B","499","63","25","75","2",".241",".283","120","23","1","29","135",".446",".729","440"
"Alec Burleson","STL","1B,LF,RF","527","65","19","73","6",".270",".322","143","25","1","40","82",".436",".758","436"
"Brandon Lowe","PIT","2B","481","67","23","70","4",".243",".306","117","22","1","44","136",".438",".744","433"
"Masyn Winn","STL","SS","568","74","14","64","13",".253",".305","144","29","3","42","112",".385",".690","430"
"Dylan Crews","WSH","CF,RF","510","66","16","61","25",".238",".293","121","21","4","40","124",".391",".685","429"
"Steven Kwan","CLE","LF","581","81","9","56","18",".274",".340","159","28","3","59","60",".377",".718","426"
"Jonathan Aranda","TB","1B","487","68","20","72","1",".263",".338","128","24","1","56","140",".433",".772","426"
"Colson Montgomery","CWS","3B,SS","503","64","23","72","3",".218",".286","110","19","2","48","168",".406",".692","425"
"Jakob Marsee","MIA","LF,CF","497","70","13","54","33",".231",".321","115","23","4","66","127",".370",".691","424"
"Kazuma Okamoto","TOR","1B,3B","476","63","23","72","2",".244",".319","116","24","0","52","105",".445",".764","424"
"Bryson Stott","PHI","2B,SS","518","68","13","61","23",".256",".322","133","24","3","51","97",".386",".708","423"
"Nico Hoerner","CHC","2B","566","74","7","57","26",".277",".324","157","28","3","40","59",".376",".700","421"
"Ivan Herrera","STL","C","476","69","17","66","9",".270",".347","129","22","1","56","108",".431",".779","421"
"Mike Trout","LAA","CF,RF","432","67","24","67","3",".235",".342","102","17","2","70","156",".452",".794","421"
"Trent Grisham","NYY","CF","446","71","23","63","5",".221",".323","98","17","1","67","132",".423",".746","419"
"Wilyer Abreu","BOS","LF,CF,RF","435","63","21","68","8",".247",".326","107","23","1","51","121",".448",".773","416"
"Jacob Wilson","ATH","SS","532","71","12","67","6",".296",".335","157","31","1","32","48",".423",".759","415"
"Kerry Carpenter","DET","LF,RF","441","61","23","70","2",".254",".302","112","19","3","30","114",".472",".774","414"
"Ramon Laureano","SD","LF,CF,RF","463","65","20","65","8",".247",".303","114","23","3","37","137",".434",".737","413"
"Jorge Polanco","NYM","2B,3B","452","61","21","69","5",".247",".319","112","21","0","48","104",".435",".754","410"
"Will Smith","LAD","C","422","68","19","68","3",".260",".348","109","21","1","57","97",".456",".803","409"
"Marcell Ozuna","PIT","Util","460","63","22","69","0",".246",".339","113","20","0","65","126",".431",".770","409"
"Matt McLain","CIN","2B","487","68","17","58","16",".235",".308","114","23","2","52","154",".394",".702","409"
"Miguel Vargas","CWS","1B,3B","498","69","17","64","8",".235",".317","117","28","2","60","108",".403",".719","409"
"Luke Keaschall","MIN","2B","472","68","12","57","23",".266",".338","125","26","2","51","92",".400",".738","407"
"Jordan Beck","COL","LF,RF","495","63","16","61","16",".249",".310","123","25","4","44","156",".412",".722","406"
"Colton Cowser","BAL","LF,CF,RF","442","62","20","61","14",".230",".305","102","21","1","48","159",".416",".722","405"
"Xander Bogaerts","SD","SS","518","67","13","59","16",".263",".324","136","26","1","47","102",".395",".719","404"
"Alec Bohm","PHI","1B,3B","520","64","14","71","3",".274",".322","142","27","2","37","90",".416",".739","403"
"Noelvi Marte","CIN","3B,RF","477","62","16","62","15",".253",".300","120","24","2","33","117",".411",".711","402"
"Mickey Moniak","COL","LF,CF,RF","432","60","20","63","9",".261",".300","113","22","5","24","116",".472",".772","401"
"Drake Baldwin","ATL","C","457","61","19","70","1",".261",".330","120","21","1","46","92",".438",".767","400"
"Andrew Vaughn","MIL","1B","490","58","19","72","1",".249",".305","122","24","1","39","106",".421",".725","399"
"Agustin Ramirez","MIA","C","454","60","18","63","12",".245",".301","111","25","1","37","99",".424",".725","398"
"Royce Lewis","MIN","3B","456","57","19","64","11",".247",".302","113","23","0","36","106",".424",".726","397"
"Otto Lopez","MIA","2B,SS","523","64","11","61","16",".264",".315","138","25","2","39","86",".390",".704","395"
"Kyle Manzardo","CLE","1B","448","58","22","67","2",".237",".313","106","23","1","50","120",".443",".755","395"
"Yainer Diaz","HOU","C","484","58","19","67","1",".271",".303","131","23","1","22","88",".441",".744","394"
"Adley Rutschman","BAL","C","490","66","17","65","1",".251",".335","123","25","1","62","89",".414",".749","394"
"Luis Garcia","WSH","2B","471","59","15","62","14",".267",".309","126","25","2","28","79",".426",".735","393"
"TJ Friedl","CIN","LF,CF","504","70","14","55","11",".244",".323","123","20","3","59","99",".374",".696","390"
"Andres Gimenez","TOR","2B,SS","508","63","12","56","20",".247",".292","125","23","2","32","98",".367",".659","389"
"Josh Bell","MIN","1B","477","61","19","65","1",".248",".326","118","21","1","56","102",".418",".744","389"
"Matt Wallner","MIN","LF,RF","404","59","22","62","5",".231",".313","93","21","2","49","144",".454",".767","387"
"Carlos Correa","HOU","3B,SS","490","64","16","64","0",".264",".330","129","24","1","49","109",".417",".747","385"
"Addison Barger","TOR","3B,LF,RF","449","60","18","65","4",".242",".305","109","26","1","41","120",".429",".734","385"
"Nolan Schanuel","LAA","1B","505","69","13","57","6",".262",".346","132","23","1","65","81",".388",".734","382"
"Nolan Gorman","STL","2B,3B","449","57","21","64","4",".215",".294","96","18","1","50","164",".400",".693","382"
"Daylen Lile","WSH","LF,RF","491","64","11","58","14",".265",".314","130","26","8","35","97",".417",".732","381"
"Nolan Arenado","ARI","3B","503","59","15","67","3",".251",".303","126","24","1","38","77",".397",".700","381"
"Sal Stewart","CIN","1B","420","58","17","62","7",".264",".324","111","24","0","37","91",".447",".771","378"
"Ernie Clement","TOR","1B,2B,3B,SS","525","65","11","58","9",".265",".299","139","28","2","25","58",".386",".686","378"
"Isaac Paredes","HOU","3B","416","60","20","62","1",".243",".332","101","18","1","55","81",".431",".763","377"
"Jac Caglianone","KC","1B,RF","439","58","19","62","3",".245",".305","107","20","2","38","109",".427",".732","376"
"Josh Jung","TEX","3B","490","57","17","62","4",".247",".290","121","23","1","30","134",".404",".694","375"
"Luis Arraez","SF","1B,2B","570","70","5","56","8",".301",".338","172","28","3","32","26",".391",".729","374"
"Xavier Edwards","MIA","2B,SS","526","69","4","46","27",".279",".341","147","22","4","49","81",".359",".699","374"
"Caleb Durbin","BOS","2B,3B","463","61","10","54","21",".255",".308","118","26","2","35","56",".381",".689","371"
"Jake Cronenworth","SD","1B,2B,SS","500","65","14","59","4",".234",".319","117","24","2","62","115",".376",".695","371"
"Josh Lowe","LAA","LF,CF,RF","435","57","14","52","21",".241",".301","105","23","2","38","130",".401",".703","369"
"Giancarlo Stanton","NYY","LF,RF","365","49","24","66","0",".226",".301","83","13","0","39","129",".464",".765","368"
"Jung Hoo Lee","SF","CF","515","66","9","56","9",".269",".326","138","28","6","44","63",".402",".728","367"
"Brendan Donovan","SEA","2B,SS,LF","491","65","12","56","5",".267",".332","131","27","1","48","77",".403",".734","366"
"Willi Castro","COL","2B,3B,LF,RF","454","65","12","51","14",".255",".317","116","22","4","41","115",".402",".719","366"
"Ryan O'Hearn","PIT","1B,LF,RF","462","61","14","60","3",".264",".332","122","23","1","47","97",".412",".744","365"
"Max Muncy","LAD","3B","365","58","20","61","3",".223",".338","81","15","1","63","108",".439",".777","365"
"Colt Keith","DET","1B,2B,3B","444","63","15","57","3",".260",".327","115","22","3","44","103",".422",".748","364"
"Jorge Soler","LAA","RF","415","55","21","59","1",".226",".307","94","19","0","49","128",".423",".730","361"
"J.P. Crawford","SEA","SS","518","66","11","55","5",".240",".329","124","24","1","69","114",".357",".686","358"
"Jackson Holliday","BAL","2B,SS","427","64","13","49","13",".250",".326","106","21","2","48","106",".399",".725","357"
"Brooks Lee","MIN","2B,3B,SS","498","56","14","60","4",".244",".294","122","23","1","36","94",".381",".675","357"
"Joey Ortiz","MIL","SS","487","61","10","54","13",".244",".299","119","25","3","38","93",".371",".670","356"
"Lars Nootbaar","STL","LF,CF,RF","445","62","15","53","6",".242",".333","108","22","2","61","105",".401",".734","356"
"Mark Vientos","NYM","3B","414","52","19","62","1",".242",".298","100","19","1","33","119",".434",".732","356"
"Sal Frelick","MIL","LF,CF,RF","479","63","8","51","16",".263",".323","126","21","3","43","75",".372",".696","355"
"Harrison Bader","SF","LF,CF,RF","440","57","14","51","14",".246",".295","108","19","2","31","116",".389",".684","354"
"Ryan Jeffers","MIN","C","440","57","16","58","2",".245",".318","108","23","1","47","105",".405",".723","352"
"Jonathan India","KC","2B,3B,LF","465","64","12","53","6",".245",".324","114","25","1","54","103",".382",".706","351"
"Jordan Westburg","BAL","2B,3B","387","57","17","55","4",".260",".307","100","20","2","26","95",".458",".765","350"
"Cedric Mullins II","TB","CF","405","54","14","50","20",".225",".297","91","19","2","41","103",".382",".678","350"
"Jeff McNeil","ATH","2B,LF,CF,RF","471","60","12","56","4",".259",".321","122","26","3","43","68",".403",".725","349"
"Brandon Marsh","PHI","LF,CF","413","57","13","53","10",".255",".329","106","21","3","45","132",".412",".741","345"
"Victor Scott","STL","CF","463","57","7","41","34",".223",".285","103","18","2","40","115",".319",".604","344"
"Alejandro Kirk","TOR","C","426","52","14","61","1",".269",".342","115","19","0","47","59",".421",".763","342"
"Jordan Walker","STL","LF,RF","460","53","14","54","9",".235",".293","108","23","2","38","134",".384",".677","342"
"Andrew Benintendi","CWS","LF","444","54","15","56","3",".247",".312","110","19","1","42","85",".400",".712","341"
"Anthony Volpe","NYY","SS","412","54","13","50","17",".228",".287","94","21","3","34","110",".389",".676","341"
"J.T. Realmuto","PHI","C","432","54","14","54","7",".251",".301","108","22","2","31","116",".409",".711","340"
"Evan Carter","TEX","LF,CF,RF","389","56","12","46","19",".238",".318","93","18","3","46","101",".391",".709","337"
"Austin Wells","NYY","C","389","50","18","56","4",".225",".291","87","19","1","37","109",".414",".705","336"
"Austin Hays","CWS","LF","420","54","14","53","6",".245",".296","103","22","2","30","114",".411",".707","334"
"Francisco Alvarez","NYM","C","374","50","19","56","1",".234",".306","87","15","1","39","110",".433",".739","334"
"Parker Meadows","DET","CF","432","58","12","47","13",".228",".301","99","18","6","45","122",".380",".681","334"
"Konnor Griffin","PIT","SS,CF","370","54","11","47","19",".256",".303","95","17","2","25","104",".393",".696","332"
"Connor Norby","MIA","3B","421","54","13","51","8",".244",".299","103","22","2","33","123",".398",".697","330"
"Samuel Basallo","BAL","C","370","49","18","55","2",".242",".304","89","18","1","33","101",".438",".742","329"
"Josh Smith","TEX","1B,3B,SS,LF,RF","452","60","10","46","10",".242",".316","110","22","2","49","99",".367",".683","327"
"JJ Wetherholt","STL","2B,3B,SS","431","56","10","49","11",".249",".324","107","21","1","48","86",".374",".698","326"
"Brett Baty","NYM","2B,3B","389","50","16","52","5",".242",".306","94","15","1","36","108",".409",".714","325"
"Logan O'Hoppe","LAA","C","404","47","19","52","2",".231",".284","93","14","1","30","126",".409",".693","325"
"Tommy Edman","LAD","2B,3B,CF","405","54","12","50","9",".243",".293","98","19","2","29","78",".393",".686","323"
"Ryan McMahon","NYY","3B","421","52","16","52","3",".213",".302","90","18","1","53","152",".377",".679","323"
"Spencer Horwitz","PIT","1B","415","57","11","52","2",".263",".346","109","26","1","53","85",".406",".752","321"
"Chase Meidroth","CWS","2B,3B,SS","466","63","7","42","12",".252",".334","117","19","1","58","82",".343",".678","321"
"Brady House","WSH","3B","455","49","13","53","5",".242",".278","110","20","1","23","134",".372",".650","321"
"Gabriel Moreno","ARI","C","391","52","11","54","4",".276",".345","108","20","1","41","75",".415",".760","318"
"Lane Thomas","KC","CF,RF","371","50","13","46","15",".233",".296","87","18","2","33","106",".394",".690","318"
"Wenceel Perez","DET","CF,RF","403","53","12","47","11",".238",".301","96","19","4","36","96",".393",".694","318"
"Chandler Simpson","TB","LF,CF","414","53","1","33","41",".283",".324","117","16","3","25","48",".344",".667","317"
"Jesus Sanchez","TOR","LF,CF,RF","365","50","14","49","9",".245",".310","89","18","2","34","97",".421",".731","317"
"Gavin Sheets","SD","1B,LF,RF","422","48","14","55","2",".239",".302","101","21","1","38","94",".397",".699","317"
"Trevor Larnach","MIN","LF,RF","387","52","14","50","4",".247",".324","96","19","1","44","103",".406",".730","316"
"Kyle Teel","CWS","C","405","55","12","48","6",".247",".330","100","17","1","51","118",".384",".714","316"
"Mike Yastrzemski","ATL","LF,CF,RF","382","53","15","49","4",".229",".315","87","19","2","48","102",".409",".724","316"
"Spencer Steer","CIN","1B,LF","372","49","14","51","7",".237",".313","88","19","1","41","93",".405",".718","314"
"Bo Naylor","CLE","C","388","50","16","50","4",".216",".300","84","19","1","46","108",".393",".693","314"
"Tyler O'Neill","BAL","LF,RF","331","47","18","49","5",".232",".311","77","13","1","38","106",".440",".751","313"
"Jared Triolo","PIT","1B,2B,3B,SS","430","54","9","45","13",".241",".320","104","21","2","50","110",".360",".680","312"
"Chase DeLauter","CLE","CF,RF","410","52","13","50","3",".244",".314","100","22","1","42","85",".394",".709","312"
"Joc Pederson","TEX","Util","344","49","17","50","3",".231",".321","79","14","1","45","91",".428",".749","312"
"Ke'Bryan Hayes","CIN","3B","460","51","9","47","10",".242",".294","111","19","2","34","100",".351",".645","308"
"Jake Meyers","HOU","CF","410","53","10","43","12",".248",".309","102","19","2","36","94",".372",".681","307"
"Dominic Canzone","SEA","LF,RF","370","46","15","50","4",".242",".299","90","17","1","30","93",".415",".714","305"
"Tyler Stephenson","CIN","C","374","48","14","51","1",".236",".312","88","18","1","41","119",".400",".712","300"
"Brayan Rocchio","CLE","2B,SS","421","51","9","45","11",".235",".296","99","22","2","37","87",".356",".653","300"
"Dylan Beavers","BAL","LF,RF","343","49","12","42","11",".242",".331","83","16","2","46","94",".401",".732","294"
"Zach McKinstry","DET","3B,SS,LF,RF","385","51","9","40","14",".236",".302","91","17","5","36","93",".374",".677","292"
"Bryce Eldridge","SF","1B","359","41","15","51","2",".232",".298","83","17","0","34","120",".409",".707","290"
"Marcelo Mayer","BOS","2B,3B","369","48","11","46","6",".243",".300","90","21","2","29","96",".398",".698","289"
"Carson Williams","TB","SS","345","46","13","43","11",".211",".278","73","13","3","32","132",".377",".654","289"
"Gabriel Arias","CLE","2B,SS","402","45","11","45","9",".227",".276","91","20","2","27","134",".371",".646","288"
"Justin Crawford","PHI","OF","367","50","6","36","21",".268",".323","98","17","2","29","85",".373",".695","287"
"Isaac Collins","KC","LF,RF","356","50","8","42","14",".240",".332","85","19","3","49","87",".375",".707","287"
"Cam Smith","HOU","RF","385","50","10","44","6",".240",".306","92","18","2","36","112",".378",".684","286"
"Dillon Dingler","DET","C","377","45","12","49","1",".247",".297","93","19","2","27","103",".401",".698","285"
"Pavin Smith","ARI","1B","361","48","12","47","2",".235",".329","85","18","1","51","105",".389",".718","285"
"Lourdes Gurriel Jr.","ARI","LF","348","42","12","48","5",".263",".307","91","17","1","22","60",".422",".729","284"
"Christian Moore","LAA","2B","380","46","12","43","7",".226",".297","86","14","3","38","131",".368",".664","283"
"Patrick Bailey","SF","C","433","48","9","47","2",".224",".284","97","19","2","36","126",".340",".624","279"
"Owen Caissie","MIA","CF,RF","359","45","12","44","4",".236",".311","85","19","1","39","124",".395",".706","277"
"Alek Thomas","ARI","CF","377","46","9","42","8",".242",".285","91","18","3","23","94",".376",".662","274"
"Carlos Narvaez","BOS","C","363","44","12","45","3",".228",".303","83","18","0","39","108",".372",".675","274"
"Gavin Lux","TB","2B,3B,LF","400","51","7","43","3",".253",".330","101","22","2","46","100",".369",".699","273"
"Kyle Isbel","KC","CF","395","51","7","39","9",".238",".288","94","18","4","28","85",".360",".648","273"
"Luis Rengifo","MIL","2B,3B,OF","381","44","8","41","10",".250",".300","95","15","2","27","76",".369",".668","270"
"Zach Cole","HOU","LF,CF,RF","321","42","12","41","10",".213",".282","68","14","3","31","139",".387",".669","268"
"Carter Jensen","KC","C","328","44","11","43","4",".244",".321","80","16","3","37","95",".410",".731","266"
"Rhys Hoskins","CLE","1B","315","40","14","45","2",".222",".309","70","14","1","40","98",".402",".711","265"
"Lenyn Sosa","CWS","1B,2B","354","38","13","44","2",".249",".281","88","15","1","16","84",".403",".683","264"
"Christopher Morel","MIA","LF","305","40","13","41","7",".223",".297","68","14","1","32","101",".405",".702","262"
"Brooks Baldwin","CWS","2B,3B,SS,LF,CF,RF","328","39","12","40","7",".245",".297","80","15","1","24","84",".403",".700","260"
"Yoan Moncada","LAA","3B","333","42","12","43","1",".238",".310","79","17","1","35","101",".406",".716","260"
"Ha-Seong Kim","ATL","2B,SS","324","44","8","36","14",".241",".322","78","14","1","39","67",".365",".687","259"
"Edgar Quero","CWS","C","380","42","9","43","1",".253",".321","96","17","0","38","78",".368",".688","256"
"Jordan Lawlar","ARI","3B","322","43","8","36","13",".238",".304","77","18","3","31","94",".383",".687","255"
"Jose Caballero","NYY","2B,3B,SS,LF,RF","276","39","6","28","32",".222",".301","61","13","1","31","81",".337",".638","253"
"Nick Castellanos","SD","RF","322","39","11","42","3",".249",".294","80","16","1","20","82",".407",".700","252"
"Garrett Mitchell","MIL","CF,RF","310","42","9","35","13",".233",".307","72","14","3","33","104",".378",".686","252"
"Carson Benge","NYM","OF","316","43","9","38","8",".236",".307","75","15","2","33","77",".380",".687","252"
"Carson Kelly","CHC","C","321","40","12","41","2",".235",".308","75","12","1","34","73",".389",".697","252"
"Kevin McGonigle","DET","SS","290","41","10","39","7",".256",".331","74","17","2","33","49",".422",".753","251"
"Freddy Fermin","SD","C","383","42","9","40","2",".241",".293","92","15","1","28","84",".354",".647","250"
"Jake McCarthy","COL","LF,CF,RF","317","44","6","33","14",".267",".317","85","14","4","23","60",".393",".711","249"
"Nick Gonzales","PIT","2B,SS","359","44","7","41","2",".259",".306","93","21","3","24","80",".394",".700","249"
"Edouard Julien","COL","1B,2B","323","43","10","37","4",".243",".342","79","15","1","48","108",".385",".727","248"
"George Valera","CLE","LF,RF","325","41","12","39","2",".223",".302","72","14","1","37","102",".379",".682","248"
"Luisangel Acuna","CWS","2B","346","43","4","30","21",".245",".291","85","15","2","22","70",".339",".629","247"
"Paul Goldschmidt","NYY","1B","314","41","10","39","4",".249",".311","78","16","0","28","79",".405",".716","247"
"Jake Fraley","TB","LF,RF","320","40","8","36","12",".241",".311","77","15","1","32","74",".368",".679","247"
"Denzel Clarke","ATH","CF","319","42","8","34","12",".226",".286","72","16","3","27","117",".364",".650","244"
"Tyler Freeman","COL","2B,RF","302","43","5","32","14",".276",".334","83","16","2","27","45",".389",".723","240"
"Sean Murphy","ATL","C","280","37","13","41","0",".220",".300","62","12","0","32","87",".409",".709","239"
"Victor Robles","SEA","LF,CF,RF","298","39","6","31","18",".243",".294","73","15","1","22","72",".359",".653","237"
"Carlos Santana","ARI","1B","317","38","10","40","3",".222",".303","70","13","0","37","66",".357",".660","237"
"Miguel Andujar","SD","3B,LF","329","37","8","41","2",".268",".308","88","16","1","19","53",".399",".707","236"
"Davis Schneider","TOR","2B,LF","268","38","12","37","4",".217",".316","58","12","1","39","89",".400",".715","235"
"Heriberto Hernandez","MIA","LF,RF","292","37","11","39","3",".224",".303","65","13","1","33","99",".388",".691","235"
"JJ Bleday","CIN","LF,CF,RF","274","37","12","38","2",".228",".311","63","14","1","33","72",".420",".731","234"
"Joey Loperfido","HOU","LF,CF,RF","304","37","9","36","6",".234",".285","71","14","2","22","93",".375",".661","230"
"Jake Bauers","MIL","1B,LF,RF","258","35","11","36","8",".214",".308","55","11","1","35","90",".396",".704","230"
"Moises Ballesteros","CHC","C","302","36","9","39","1",".260",".322","79","14","1","28","59",".399",".721","228"
"Danny Jansen","TEX","C","285","37","12","37","1",".212",".299","60","12","0","35","78",".389",".688","228"
"Victor Caratini","MIN","C,1B","309","36","9","39","1",".252",".310","78","12","0","26","62",".383",".693","227"
"Javier Baez","DET","2B,3B,SS,CF","318","36","8","38","5",".233",".263","74","14","1","13","83",".366",".629","227"
"Cole Young","SEA","2B","327","40","6","35","5",".232",".309","76","15","2","36","64",".353",".661","222"
"Max Muncy","ATH","2B,3B,SS","297","35","9","37","3",".236",".285","70","15","1","20","92",".387",".672","221"
"Griffin Conine","MIA","LF,RF","286","34","10","37","1",".222",".295","64","12","1","30","105",".375",".669","216"
"Pedro Pages","STL","C","314","33","9","36","1",".225",".278","71","13","1","23","89",".359",".637","212"
"Nathan Lukes","TOR","LF,CF,RF","283","37","6","35","3",".261",".322","74","14","1","25","49",".389",".711","211"
"Nasim Nunez","WSH","2B,SS","277","35","4","24","23",".225",".302","62","9","1","30","73",".305",".607","211"
"Keibert Ruiz","WSH","C","318","31","8","37","2",".246",".283","78","15","0","17","39",".367",".651","211"
"Luke Raley","SEA","1B,LF,CF,RF","253","33","10","33","5",".222",".281","56","11","1","21","86",".392",".672","210"
"Matt Shaw","CHC","3B","242","34","8","30","10",".240",".308","58","11","2","24","54",".398",".706","209"
"Michael Massey","KC","2B,LF","291","32","8","35","2",".243",".281","71","14","1","15","58",".386",".667","206"
"Kody Clemens","MIN","1B,2B,LF,RF","237","31","11","33","3",".228",".285","54","11","2","19","64",".422",".707","205"
"Romy Gonzalez","BOS","1B,2B","237","31","7","33","7",".267",".310","63","13","2","15","63",".431",".740","202"
"Mauricio Dubon","ATL","2B,3B,SS,LF,CF","309","36","5","32","3",".255",".294","79","15","1","17","41",".362",".656","202"
"CJ Kayfus","CLE","1B,LF,RF","260","33","8","33","3",".237",".306","62","13","2","26","81",".397",".703","201"
"Taylor Walls","TB","SS","275","34","5","28","14",".212",".292","58","13","2","31","73",".322",".613","201"
"Austin Martin","MIN","2B,LF,CF","280","38","3","26","12",".252",".335","71","15","1","35","55",".347",".682","200"
"Jacob Young","WSH","CF","288","34","2","24","16",".247",".299","71","12","2","22","58",".321",".620","192"
"Blaze Alexander","BAL","2B,3B","262","32","7","30","5",".225",".291","59","11","1","25","91",".356",".648","192"
"Kyle Higashioka","TEX","C","245","27","10","33","2",".224",".272","55","11","1","16","67",".396",".668","192"
"Jonny DeLuca","TB","LF,CF,RF","247","30","7","28","9",".229",".283","57","10","2","19","57",".375",".659","191"
"Jake Mangum","PIT","LF,CF,RF","287","31","2","28","12",".271",".306","78","15","2","14","52",".360",".666","189"
"Ezequiel Duran","TEX","1B,2B,3B,SS,LF","260","30","6","27","9",".240",".280","63","14","1","14","68",".368",".647","188"
"Colby Thomas","ATH","LF,CF,RF","217","28","9","30","4",".236",".280","51","12","1","13","72",".417",".697","186"
"Joey Bart","PIT","C","267","31","7","31","1",".238",".313","63","11","0","29","83",".364",".677","186"
"Graham Pauley","MIA","3B","250","30","8","29","4",".225",".293","56","12","1","24","58",".369",".662","186"
"Tyrone Taylor","NYM","LF,CF,RF","253","31","6","27","8",".228",".269","58","13","2","14","63",".366",".635","185"
"Andrew McCutchen","","RF","241","30","8","29","2",".231",".320","56","11","0","32","65",".374",".694","182"
"Ramon Urias","STL","2B,3B","250","29","7","30","2",".244",".300","61","11","1","20","61",".385",".685","181"
"Miguel Amaya","CHC","C","246","29","7","32","1",".233",".289","57","11","1","19","59",".374",".663","181"
"Henry Davis","PIT","C","244","29","8","28","4",".220",".286","54","11","1","22","70",".364",".650","181"
"Sung-Mun Song","SD","2B,3B","256","29","6","28","6",".236",".296","60","11","1","22","50",".357",".653","180"
"Rowdy Tellez","","1B","214","25","10","31","1",".227",".288","49","8","0","18","57",".410",".698","179"
"Nick Fortes","TB","C","274","29","7","29","2",".224",".269","61","11","1","17","54",".342",".611","179"
"Otto Kemp","PHI","1B,3B,LF","214","29","7","29","4",".236",".293","51","11","1","17","68",".395",".688","178"
"Edmundo Sosa","PHI","2B,3B,SS","224","28","7","29","3",".251",".283","56","11","2","10","55",".414",".697","176"
"Will Benson","CIN","LF,CF,RF","196","28","8","27","6",".223",".303","44","9","1","22","69",".408",".711","176"
"Jesse Winker","","LF,RF","220","30","7","27","4",".234",".334","51","10","1","33","57",".376",".711","176"
"Angel Martinez","CLE","2B,LF,CF","244","29","6","27","5",".233",".282","57","13","1","17","56",".365",".646","175"
"Troy Johnston","COL","1B,LF,RF","212","27","6","27","7",".254",".305","54","11","2","15","48",".397",".702","173"
"Vaughn Grissom","LAA","2B","246","30","5","26","5",".247",".305","61","12","1","21","54",".368",".673","173"
"Jhostynxon Garcia","PIT","CF,RF","230","29","7","27","3",".232",".283","53","10","2","16","70",".382",".665","173"
"Jose Tena","WSH","2B,3B","243","27","5","26","8",".247",".301","60","12","1","19","68",".365",".666","172"
"Andres Chaparro","WSH","1B","227","26","8","30","1",".230",".294","52","11","0","21","60",".392",".686","172"
"Jeremiah Jackson","BAL","3B,RF","218","26","7","27","4",".238",".277","52","11","1","12","55",".397",".674","168"
"Rob Refsnyder","SEA","LF,CF,RF","204","27","7","27","3",".238",".319","49","10","0","24","62",".393",".712","167"
"Tommy Pham","","LF,CF,RF","226","28","6","26","4",".240",".311","54","11","1","23","57",".378",".689","167"
"Luis Campusano","SD","C","221","27","7","28","1",".239",".310","53","9","0","23","50",".379",".689","167"
"Colt Emerson","SEA","SS","237","28","5","26","5",".232",".298","55","12","1","22","58",".353",".651","166"
"Liam Hicks","MIA","C,1B","258","29","4","28","2",".240",".324","62","11","1","32","47",".337",".661","165"
"Starling Marte","KC","LF,RF","211","27","5","24","7",".258",".305","54","9","1","14","50",".382",".687","163"
"Thomas Saggese","STL","2B,3B,SS","239","28","5","26","3",".244",".291","58","12","1","16","66",".369",".660","163"
"Dane Myers","CIN","LF,CF,RF","200","25","6","23","8",".242",".297","49","8","0","16","56",".368",".665","161"
"Harry Ford","WSH","C","221","28","5","25","5",".228",".314","50","10","0","28","59",".349",".663","161"
"Jasson Dominguez","NYY","LF,CF","180","26","6","22","9",".245",".319","44","8","1","19","53",".399",".718","160"
"Joe Mack","MIA","C","218","25","7","27","2",".220",".279","48","9","0","18","68",".365",".644","160"
"Matt Vierling","DET","LF,CF","217","27","6","24","3",".242",".303","53","10","1","19","56",".378",".681","159"
"David Hamilton","MIL","2B,SS","173","24","5","18","17",".216",".283","37","7","1","16","49",".354",".637","157"
"Casey Schmitt","SF","1B,2B,3B","207","24","7","26","1",".238",".291","49","9","0","15","53",".395",".685","155"
"Tyler Austin","CHC","1B","179","24","8","25","0",".241",".313","43","10","0","19","50",".435",".747","152"
"Robert Hassell III","WSH","CF,RF","229","25","4","23","6",".240",".296","55","9","0","18","61",".340",".636","152"
"Jose Trevino","CIN","C","228","24","6","25","1",".237",".282","54","10","0","14","39",".360",".642","151"
"Masataka Yoshida","BOS","LF","191","23","5","26","2",".273",".323","52","10","0","14","28",".410",".733","148"
"James Outman","MIN","LF,CF,RF","177","24","7","22","4",".209",".288","37","8","1","20","69",".379",".667","147"
"Ryan Mountcastle","BAL","1B","185","22","7","24","1",".256",".302","47","9","0","12","49",".421",".723","146"
"Braxton Fulford","COL","C","180","24","6","24","2",".242",".300","44","9","1","15","55",".402",".701","146"
"Dalton Rushing","LAD","C","173","23","7","25","1",".225",".305","39","8","0","20","56",".390",".695","146"
"Everson Pereira","CWS","LF,CF","176","23","7","22","4",".222",".285","39","7","1","16","62",".391",".677","146"
"Amed Rosario","NYY","2B,3B","203","24","4","23","4",".260",".293","53","10","1","10","39",".379",".673","145"
"Kyle Karros","COL","3B","210","27","4","22","2",".258",".326","54","12","1","21","55",".381",".707","145"
"Sam Haggerty","TEX","LF,CF","189","26","3","18","11",".240",".305","45","9","2","17","47",".351",".656","145"
"Ryan Ritter","COL","2B,SS","187","25","5","22","3",".249",".308","47","9","2","16","56",".397",".705","144"
"Hunter Feduccia","TB","C","220","25","5","23","1",".216",".304","47","10","1","28","64",".327",".631","142"
"Blake Perkins","MIL","LF,CF,RF","193","24","4","20","8",".220",".299","42","8","1","22","59",".334",".633","141"
"Connor Wong","BOS","C","200","24","5","21","3",".240",".292","48","10","1","15","54",".369",".661","140"
"David Fry","CLE","Util","178","21","7","23","2",".222",".286","40","8","0","16","53",".387",".673","140"
"Travis d'Arnaud","LAA","C","197","21","7","24","0",".217",".268","43","9","0","14","61",".379",".647","140"
"Coby Mayo","BAL","1B","167","22","7","22","2",".228",".300","38","8","1","17","52",".415",".715","139"
"Javier Sanoja","MIA","2B,3B,SS,LF,CF","199","23","3","22","5",".259",".303","51","11","2","13","22",".383",".687","138"
"Luis Torrens","NYM","C","203","22","5","24","1",".237",".290","48","9","1","15","50",".369",".658","138"
"Abimelec Ortiz","WSH","1B,OF","174","21","7","23","1",".225",".288","39","8","1","15","50",".391",".679","138"
"Travis Bazzana","CLE","2B","181","25","5","20","4",".217",".306","39","8","1","23","58",".343",".649","138"
"Bryce Teodosio","LAA","CF","208","23","3","19","10",".212",".256","44","8","2","12","71",".315",".571","138"
"Daniel Schneemann","CLE","2B,3B,SS,CF,RF","194","23","5","21","4",".217",".295","42","9","1","21","58",".354",".648","137"
"Enrique Hernandez","LAD","1B,2B,3B,LF","179","22","6","23","1",".223",".278","40","8","0","14","46",".371",".649","136"
"Triston Casas","BOS","1B","154","21","7","23","0",".240",".333","37","8","0","22","45",".431",".765","135"
"Justyn-Henry Malloy","TB","LF,RF","172","23","5","22","1",".234",".332","40","8","0","25","55",".371",".703","132"
"Tyler Locklear","ARI","1B","161","21","5","21","4",".236",".301","38","8","1","15","49",".383",".684","131"
"Blaine Crim","COL","1B","161","20","6","22","1",".249",".313","40","8","1","15","40",".410",".722","130"
"Charlie Condon","COL","1B,OF","165","20","6","21","1",".241",".301","40","7","1","14","53",".393",".694","128"
"Adrian Del Castillo","ARI","C","170","20","6","22","0",".231",".295","39","9","1","16","53",".388",".683","128"
"Jake Rogers","DET","C","171","21","6","21","1",".211",".277","36","8","1","16","55",".374",".651","128"
"Johan Rojas","PHI","CF","170","21","3","16","10",".245",".287","42","7","1","10","39",".342",".630","127"
"Zack Gelof","ATH","2B","147","20","6","18","5",".220",".290","32","7","0","15","53",".384",".674","126"
"Jose Fermin","STL","2B","170","22","3","18","6",".241",".323","41","9","0","21","25",".351",".675","125"
"Andy Ibanez","ATH","2B,3B","174","21","4","20","3",".243",".296","42","9","0","13","37",".373",".669","125"
"Tim Tawa","ARI","1B,2B,LF,CF","168","20","5","19","4",".223",".286","37","7","1","15","47",".365",".651","125"
"Gary Sanchez","MIL","C","141","18","7","22","0",".220",".286","31","5","0","13","43",".409",".695","124"
"Oswald Peraza","LAA","1B,2B,3B,SS","165","20","5","17","6",".215",".272","36","6","0","13","48",".343",".615","124"
"Cody Freeman","TEX","2B","172","20","4","20","3",".240",".284","41","8","0","11","29",".370",".654","123"
"Richie Palacios","TB","IF,LF","167","22","3","17","7",".228",".311","38","7","0","20","37",".331",".642","123"
"Ben Williamson","TB","3B","190","22","2","19","4",".249",".301","47","10","1","14","44",".339",".640","122"
"Nathaniel Lowe","CIN","1B","159","20","5","21","0",".243",".326","39","7","0","20","45",".388",".714","122"
"James McCann","ARI","C","168","19","5","21","1",".237",".280","40","8","0","10","47",".375",".655","122"
"Randal Grichuk","NYY","LF,RF","152","19","6","20","0",".244",".292","37","8","1","10","34",".424",".716","121"
"Hyeseong Kim","LAD","2B,SS,CF","158","19","3","17","8",".242",".288","38","7","1","10","42",".349",".637","119"
"Isiah Kiner-Falefa","BOS","2B,3B,SS","176","19","2","17","6",".254",".290","45","7","1","9","32",".335",".625","115"
"Alan Roden","MIN","LF,RF","154","21","3","17","3",".252",".319","39","8","1","15","30",".380",".699","114"
"Johnathan Rodriguez","CLE","RF","146","18","5","19","1",".244",".308","36","7","1","14","46",".402",".710","114"
"Jett Williams","MIL","2B,SS,OF","142","19","4","16","6",".223",".301","32","7","1","16","42",".364",".665","114"
"Justin Turner","","1B,3B","166","19","4","19","1",".239",".304","40","8","0","16","36",".362",".666","114"
"Miguel Rojas","LAD","2B,3B,SS","162","20","3","17","3",".250",".301","40","8","0","12","25",".357",".658","112"
"Ryan Waldschmidt","ARI","LF,CF,RF","140","20","3","16","5",".246",".330","34","7","1","18","34",".380",".710","111"
"Luis Matos","SF","LF,CF,RF","140","17","5","17","3",".245",".289","34","7","0","9","22",".396",".685","111"
"Alex Call","LAD","LF,CF,RF","142","20","4","17","2",".235",".325","33","7","0","19","31",".369",".694","111"
"Adam Frazier","LAA","2B,LF,RF","179","19","3","17","3",".232",".284","41","8","1","13","36",".330",".614","111"
"Nathan Church","STL","LF,CF,RF","155","19","3","16","4",".248",".296","39","7","1","11","25",".354",".650","110"
"Yohel Pozo","STL","C","160","16","4","19","1",".252",".277","40","9","0","6","22",".391",".668","108"
"Alex Verdugo","","LF,RF","159","20","3","17","1",".249",".307","39","8","0","13","27",".365",".672","108"
"Myles Straw","TOR","LF,CF,RF","157","20","2","14","7",".232",".292","36","7","1","13","34",".314",".606","108"
"Darell Hernaiz","ATH","2B,3B,SS","163","19","2","17","3",".256",".313","42","9","1","13","26",".359",".672","107"
"Drew Gilbert","SF","CF,RF","148","18","4","17","2",".227",".291","34","7","1","13","34",".361",".653","107"
"Ronny Mauricio","NYM","2B,3B","135","17","4","16","4",".235",".286","32","6","0","9","37",".381",".667","106"
"Jahmai Jones","DET","LF,CF,RF","122","18","4","16","3",".241",".324","29","7","1","15","34",".415",".738","105"
"Wilmer Flores","","1B","142","16","5","18","0",".230",".293","33","6","0","13","29",".376",".669","105"
"Jorge Mateo","ATL","2B,SS,CF","121","16","3","12","11",".224",".268","27","6","1","7","35",".350",".618","104"
"Jacob Melton","TB","LF,CF","126","16","4","14","7",".220",".279","28","6","0","10","37",".356",".635","104"
"Michael Conforto","CHC","LF","133","17","5","17","0",".222",".305","30","6","0","16","38",".380",".685","103"
"Michael Helman","TEX","CF","136","17","4","15","4",".213",".262","29","7","0","9","35",".344",".606","103"
"Brett Harris","ATH","3B","140","17","4","16","2",".231",".299","32","6","0","14","33",".353",".652","102"
"Chris Taylor","LAA","2B,LF,CF,RF","139","17","4","15","3",".213",".281","29","6","0","13","50",".337",".618","101"
"Max Kepler","","LF,RF","118","15","5","16","1",".236",".306","28","5","0","12","27",".400",".706","98"
"Austin Wynns","ATH","C","133","15","4","17","1",".229",".280","31","6","0","9","40",".364",".643","98"
"Carlos Cortes","ATH","LF,RF","126","16","4","16","1",".234",".299","30","7","0","12","30",".392",".691","97"
"Zach Dezenzo","HOU","LF,RF","129","16","4","15","2",".233",".293","30","6","0","11","42",".377",".670","97"
"Oswaldo Cabrera","NYY","3B","137","17","3","15","2",".231",".291","32","6","0","12","32",".350",".641","96"
"Bryce Johnson","SD","LF,CF,RF","141","17","2","13","6",".224",".289","31","6","1","13","42",".311",".600","96"
"Jose Iglesias","","2B,3B,SS","152","16","2","15","2",".252",".292","38","7","0","9","28",".338",".630","93"
"John Rave","KC","LF,CF,RF","121","16","3","13","4",".224",".297","27","5","1","12","35",".354",".650","92"
"Anthony Santander","TOR","LF,RF","104","14","5","16","0",".225",".299","23","5","0","11","27",".425",".724","92"
"Leo Rivas","SEA","2B,SS","124","17","2","12","6",".216",".327","27","4","0","20","36",".300",".628","92"
"Jon Berti","","2B,3B","124","16","2","10","8",".243",".299","30","5","1","10","29",".328",".628","91"
"Kristian Campbell","BOS","2B,CF","120","16","3","14","2",".250",".328","30","6","0","14","35",".376",".705","91"
"Esteury Ruiz","MIA","LF,CF","97","14","2","10","11",".241",".307","23","5","1","9","24",".372",".679","90"
"Eric Wagaman","MIN","1B,LF","123","15","3","15","1",".250",".299","31","7","0","9","27",".398",".696","90"
"Dylan Moore","","1B,2B,3B,LF,RF","95","14","4","12","6",".207",".284","20","4","0","10","33",".371",".655","90"
"Zac Veen","COL","LF,RF","111","14","3","13","4",".244",".301","27","6","1","9","29",".387",".688","88"
"Joshua Baez","STL","LF,CF,RF","95","12","3","12","7",".228",".306","22","5","0","11","26",".382",".687","85"
"Jerar Encarnacion","SF","RF","109","13","4","14","1",".226",".288","25","4","0","10","39",".383",".671","85"
"Christian Vazquez","","C","138","14","3","13","1",".221",".272","31","5","0","10","29",".318",".590","84"
"Mike Tauchman","NYM","LF,CF,RF","112","15","3","13","1",".232",".324","26","5","0","15","30",".351",".675","83"
"Jorge Barrosa","ARI","LF,CF","127","15","2","13","2",".227",".290","29","6","1","11","32",".336",".626","83"
"Cesar Salazar","HOU","C","129","14","3","14","1",".204",".276","26","5","0","13","30",".312",".588","83"
"Tyler Heineman","TOR","C","122","15","2","13","2",".222",".289","27","5","1","12","28",".325",".614","82"
"Deyvison De Los Santos","MIA","1B,3B","109","12","4","13","1",".234",".277","26","4","0","6","30",".372",".649","81"
"Nolan Jones","CLE","LF,CF,RF","110","14","3","12","2",".229",".313","25","5","0","13","36",".365",".678","81"
"J.C. Escarra","NYY","C","117","14","3","13","1",".223",".295","26","5","0","12","25",".349",".644","81"
"Rafael Marchan","PHI","C","128","14","2","14","1",".229",".294","29","6","0","12","24",".328",".622","81"
"Thairo Estrada","BAL","2B","109","13","3","12","2",".245",".279","27","5","0","5","23",".370",".649","80"
"Nick Loftin","KC","2B,3B,LF","117","14","2","13","2",".238",".313","28","6","0","13","21",".354",".667","80"
"Eli White","ATL","LF,CF,RF","93","13","3","11","4",".233",".285","22","3","1","7","27",".375",".660","79"
"Nick Yorke","PIT","2B","110","13","2","12","3",".252",".306","28","6","0","8","27",".358",".663","78"
"Drew Millas","WSH","C","115","13","2","12","3",".243",".301","28","5","1","10","22",".347",".648","78"
"Joey Wiemer","WSH","LF,CF,RF","110","12","3","12","3",".206",".278","23","5","0","11","36",".339",".616","78"
"Tyler Tolbert","KC","LF,CF","100","13","1","9","9",".223",".269","22","5","1","6","28",".317",".586","77"
"Braden Montgomery","CWS","OF","115","12","3","12","2",".226",".286","26","6","0","10","37",".357",".644","77"
"Adael Amador","COL","2B","99","12","2","11","4",".246",".318","24","5","0","10","19",".365",".683","74"
"Luis Urias","","2B,3B","104","12","3","12","1",".224",".301","23","4","0","11","22",".347",".649","74"
"Orlando Arcia","MIN","1B,2B,3B,SS","111","12","3","12","0",".224",".277","25","5","0","8","26",".345",".622","73"
"Walker Jenkins","MIN","OF","96","13","2","10","3",".248",".324","24","5","0","11","24",".379",".703","72"
"Alex Freeland","LAD","3B,SS","91","12","3","11","2",".217",".305","20","4","0","11","28",".356",".661","72"
"Jason Heyward","","LF,RF","85","12","3","12","1",".218",".284","18","4","1","8","20",".373",".657","71"
"Austin Hedges","CLE","C","120","12","3","11","1",".186",".251","22","4","0","10","35",".292",".543","71"
"Chas McCormick","CHC","LF,CF,RF","86","11","3","10","3",".223",".288","19","3","0","8","26",".354",".642","70"
"Nick Allen","HOU","SS","121","13","1","10","3",".227",".286","27","5","0","10","26",".295",".581","70"
"Jarred Kelenic","CWS","LF,CF,RF","94","11","3","10","2",".215",".278","20","4","0","8","30",".360",".638","68"
"Derek Hill","CWS","LF,CF","92","11","2","10","3",".234",".281","22","4","1","6","28",".365",".646","67"
"Korey Lee","CWS","C","98","11","3","10","1",".220",".263","22","4","0","6","28",".348",".612","67"
"T.J. Rumfield","COL","1B","90","11","2","11","1",".251",".317","23","5","0","9","20",".378",".695","66"
"Leody Taveras","BAL","CF,RF","81","10","2","9","4",".240",".295","19","4","0","6","19",".368",".662","64"
"Ty France","SD","1B","95","11","2","11","0",".251",".296","24","4","0","6","19",".371",".667","64"
"Mark Canha","TEX","LF,RF","95","11","2","10","1",".230",".302","22","4","0","10","22",".344",".646","63"
"MJ Melendez","NYM","LF","82","10","3","9","2",".208",".275","17","4","0","8","27",".373",".648","63"
"Juan Brito","CLE","1B,2B","88","11","2","10","1",".228",".305","20","5","0","10","20",".355",".661","62"
"Leo Jimenez","TOR","2B","85","11","2","9","1",".234",".298","20","4","0","8","21",".349",".647","60"
"Mitch Garver","SEA","C","80","10","3","10","0",".203",".292","16","3","0","10","26",".358",".650","60"
"Andruw Monasterio","BOS","1B,2B,3B,SS","78","10","2","9","2",".237",".307","18","4","0","8","20",".354",".661","59"
"Jimmy Crooks III","STL","C","88","10","2","10","0",".237",".292","21","4","0","7","26",".350",".642","59"
"Ryan Bliss","SEA","2B","72","9","2","7","5",".216",".283","15","3","0","7","21",".343",".626","58"
"DJ LeMahieu","","1B,2B,3B","90","10","2","9","0",".242",".315","22","3","0","10","22",".341",".656","57"
"Ildemaro Vargas","ARI","1B,2B","92","10","1","10","1",".242",".286","22","4","1","6","12",".340",".627","57"
"Riley Adams","WSH","C","81","9","3","9","0",".213",".271","17","3","0","6","30",".349",".619","57"
"Warming Bernabel","WSH","1B","86","8","2","9","1",".249",".284","21","4","0","4","15",".362",".646","55"
"Jonah Heim","ATL","C","81","9","2","10","0",".225",".280","18","3","0","6","18",".354",".634","55"
"LaMonte Wade Jr.","CWS","1B,RF","82","10","2","9","0",".219",".320","18","3","0","12","21",".353",".674","55"
"Curtis Mead","CWS","1B,2B,3B","78","9","2","8","1",".244",".294","19","4","0","6","18",".365",".660","54"
"Christian Encarnacion-Strand","CIN","1B,3B","64","8","3","9","0",".238",".279","15","3","0","4","19",".417",".696","54"
"Alexander Canario","","LF,CF,RF","71","8","3","8","1",".215",".283","15","3","0","7","26",".364",".648","54"
"Daniel Susac","SF","C","77","8","2","9","1",".227",".270","18","3","0","5","24",".348",".618","53"
"Ryan Vilade","TB","LF,RF","75","9","2","8","1",".230",".293","17","3","0","7","21",".339",".631","53"
"Kameron Misner","KC","CF,RF","66","9","2","7","3",".203",".294","13","3","0","9","24",".330",".624","53"
"Orelvis Martinez","WSH","2B,3B","69","8","3","9","0",".199",".262","14","3","0","6","22",".363",".625","53"
"Andrew Knizner","SEA","C","83","9","2","9","0",".215",".276","18","3","0","7","20",".314",".589","53"
"Christian Koss","SF","2B,3B","75","9","1","8","2",".236",".275","18","4","0","4","19",".344",".619","51"
"Endy Rodriguez","PIT","C,1B","77","9","2","8","0",".235",".298","18","4","0","7","17",".356",".655","51"
"Ryan Kreidler","MIN","CF","74","8","2","7","3",".195",".276","14","3","0","8","26",".303",".579","51"
"Austin Slater","DET","LF,CF,RF","68","9","2","7","1",".233",".313","16","3","0","8","22",".368",".681","50"
"Will Brennan","SF","LF,CF,RF","80","8","1","8","1",".260",".299","21","4","0","4","12",".356",".655","49"
"Alejandro Osuna","TEX","LF,CF,RF","70","9","1","7","2",".243",".313","17","3","0","7","17",".357",".670","49"
"Kris Bryant","COL","Util","73","8","2","8","0",".236",".300","17","3","0","7","21",".363",".664","49"
"Nate Eaton","BOS","3B,CF,RF","63","8","1","7","3",".230",".279","15","3","0","4","17",".338",".617","48"
"Gio Urshela","MIN","3B","78","8","1","9","0",".251",".297","20","4","0","5","16",".361",".658","48"
"Kyren Paris","LAA","2B,CF","61","8","2","6","3",".199",".278","12","2","0","7","24",".325",".603","48"
"Tom Murphy","","C","63","8","2","8","0",".229",".295","14","3","0","6","20",".394",".689","47"
"Trey Sweeney","DET","SS","67","8","2","7","1",".214",".283","14","3","0","6","20",".349",".632","47"
"Jace Jung","DET","3B","67","8","2","8","0",".213",".314","14","3","0","10","20",".350",".664","47"
"Hunter Renfroe","","RF","72","7","2","8","0",".217",".281","16","4","0","6","17",".371",".652","46"
"Tyler Fitzgerald","SF","2B","59","7","2","6","2",".221",".270","13","3","0","4","19",".368",".639","45"
"Jacob Stallings","","C","85","8","1","8","0",".198",".262","17","3","0","7","26",".293",".556","45"
"Emmanuel Rodriguez","MIN","CF","48","8","2","6","1",".220",".346","11","2","0","9","19",".370",".716","44"
"Drew Waters","KC","LF,CF,RF","67","8","1","6","2",".223",".285","15","3","1","6","22",".345",".630","44"
"Jose Siri","LAA","CF","48","7","2","6","2",".202",".255","10","2","0","3","19",".381",".636","43"
"Jack Suwinski","LAD","LF,CF,RF","49","7","2","7","1",".204",".295","10","2","0","6","18",".376",".671","43"
"Tristan Gray","MIN","2B,SS","62","7","2","7","0",".215",".266","13","3","0","4","20",".364",".630","43"
"Bryan Torres","STL","2B,LF,RF","59","7","1","6","2",".260",".334","15","3","0","7","12",".345",".679","42"
"Nelson Rada","LAA","CF","65","8","0","5","4",".234",".307","15","2","0","7","17",".300",".607","42"
"Will Wagner","SD","1B,3B","66","8","1","7","0",".244",".316","16","3","0","7","13",".350",".667","42"
"Santiago Espinal","LAD","2B,3B,LF,RF","66","7","1","6","1",".251",".301","17","3","0","5","10",".335",".636","41"
"Rafael Flores","PIT","C,1B","53","6","2","6","1",".236",".296","13","2","0","5","16",".392",".688","41"
"Spencer Jones","NYY","CF","42","6","2","6","2",".217",".287","9","2","0","4","19",".413",".700","41"
"Sebastian Walcott","TEX","3B,SS","56","7","1","6","2",".229",".286","13","3","0","5","15",".355",".641","41"
"Maximo Acosta","MIA","SS","61","7","1","6","2",".229",".285","14","3","0","5","16",".338",".623","41"
"Kevin Alcantara","CHC","RF","56","6","2","6","1",".230",".295","13","3","0","5","19",".363",".658","41"
"Junior Perez","ATH","LF,CF,RF","48","6","2","6","2",".203",".284","10","3","0","5","18",".359",".643","41"
"Travis Jankowski","","LF,CF,RF","59","7","1","5","3",".221",".293","13","2","0","6","12",".279",".571","41"
"Tanner Murray","CWS","2B,3B,SS,LF,RF","65","7","1","7","0",".229",".267","15","3","0","3","17",".335",".602","40"
"Dairon Blanco","KC","LF,CF,RF","45","6","1","4","5",".233",".282","10","2","0","3","12",".347",".629","39"
"Dylan Carlson","CHC","LF,CF,RF","57","7","1","6","1",".224",".305","13","3","0","7","15",".341",".646","39"
"Kyle Farmer","ATL","1B,2B,3B,SS","56","6","2","6","0",".226",".275","13","2","0","4","14",".358",".633","39"
"Michael Toglia","CIN","1B","48","6","2","6","1",".205",".280","10","2","0","5","19",".390",".670","39"
"Luke Maile","KC","C","63","7","1","6","1",".216",".290","13","3","0","7","20",".323",".613","39"
"Aidan Miller","PHI","SS","47","6","1","5","3",".226",".305","11","3","0","5","14",".354",".659","38"
"Abraham Toro","KC","1B,2B,3B","54","6","1","6","1",".237",".296","13","3","0","5","12",".370",".667","37"
"Manuel Margot","","LF,CF,RF","59","6","1","6","1",".242",".288","14","3","0","4","12",".328",".616","37"
"Yuli Gurriel","","1B","63","6","1","6","1",".211",".288","13","3","1","7","12",".328",".616","37"
"Tyler Callihan","CIN","2B,LF","48","6","1","5","2",".224",".286","11","2","0","4","15",".352",".638","36"
"Seth Brown","NYY","1B,LF,CF,RF","46","5","2","6","0",".235",".293","11","2","0","4","13",".387",".680","36"
"Dominic Keegan","TB","C","55","6","2","5","0",".223",".284","12","3","0","5","17",".339",".623","36"
"Gabriel Gonzalez","MIN","LF,RF","51","6","1","6","0",".263",".313","13","3","0","4","10",".402",".715","35"
"Nacho Alvarez Jr.","ATL","3B","53","6","1","5","1",".239",".310","13","2","0","5","12",".326",".636","35"
"Gabriel Rincones","PHI","LF,RF","42","6","1","5","2",".220",".310","9","2","0","5","13",".367",".677","35"
"Donovan Solano","","1B","59","5","1","7","0",".246",".298","14","2","0","4","15",".349",".647","35"
"Paul DeJong","NYY","2B,3B,SS","49","5","2","6","0",".207",".252","10","2","0","3","17",".374",".626","35"
"Dominic Smith","ATL","1B","49","6","1","6","0",".240",".302","12","2","0","4","11",".345",".647","34"
"Heston Kjerstad","BAL","LF,RF","46","5","2","5","0",".227",".282","11","2","0","4","14",".379",".662","34"
"Yohandy Morales","WSH","1B,3B","51","6","1","6","0",".230",".286","12","2","0","4","16",".346",".631","34"
"Josh Rojas","KC","2B,3B","49","6","1","5","1",".229",".301","11","3","0","5","12",".334",".635","34"
"Elias Diaz","KC","C","53","6","1","6","0",".224",".275","12","2","0","4","14",".344",".619","34"
"Alex Jackson","MIN","C","43","5","2","5","0",".205",".260","9","2","0","3","15",".365",".625","33"
"Brock Wilken","MIL","3B","43","5","2","5","0",".197",".290","9","2","0","6","16",".332",".621","33"
"Joey Meneses","ATH","1B","48","5","1","6","0",".242",".288","12","3","0","3","10",".367",".654","32"
"Brandon Lockridge","MIL","LF,CF,RF","49","6","0","4","3",".232",".294","11","2","0","4","14",".313",".607","32"
"Kaelen Culpepper","MIN","SS","41","5","1","4","2",".250",".310","10","2","0","4","8",".363",".673","31"
"Tre' Morgan","TB","1B,OF","42","5","1","5","1",".243",".323","10","2","0","5","10",".366",".689","31"
"Brett Wisely","ATL","2B","44","5","1","5","1",".226",".291","10","2","0","4","11",".342",".633","31"
"Max Schuemann","NYY","2B,3B,SS,OF","45","6","1","4","1",".220",".299","10","2","0","5","12",".310",".609","31"
"Matthew Lugo","LAA","LF,CF","47","5","1","5","1",".217",".261","10","2","0","3","16",".372",".633","31"
"Mason McCoy","SD","SS","48","5","1","4","2",".199",".260","10","2","0","4","16",".274",".533","31"
"Rece Hinds","CIN","RF","31","4","2","4","1",".228",".276","7","2","0","2","12",".451",".727","30"
"Nick Sogard","BOS","1B,2B","45","5","1","4","1",".236",".312","11","3","0","5","11",".333",".645","30"
"Brice Matthews","HOU","2B","38","5","1","4","2",".209",".289","8","1","0","4","14",".378",".668","30"
"Jhonkensy Noel","BAL","1B,RF","36","4","2","5","0",".217",".266","8","2","0","2","11",".437",".704","30"
"Bligh Madris","STL","1B","46","5","1","5","1",".179",".270","8","2","0","6","15",".308",".579","30"
"Brendan Rodgers","BOS","2B","44","5","1","5","0",".232",".285","10","2","0","3","13",".341",".626","29"
"Justin Foscue","TEX","1B","41","5","1","5","0",".221",".288","9","2","0","4","9",".365",".652","29"
"Tim Anderson","","2B,SS","57","6","0","4","1",".234",".267","13","2","0","3","16",".286",".552","29"
"Jeimer Candelario","LAA","1B,3B","44","5","1","5","0",".201",".264","9","2","0","4","14",".333",".597","29"
"DaShawn Keirsey","ATL","LF,CF,RF","35","4","1","3","3",".210",".264","7","1","0","3","10",".318",".582","28"
"Taylor Trammell","HOU","LF,CF","34","5","1","4","1",".208",".304","7","2","0","5","12",".364",".668","28"
"Sterlin Thompson","COL","1B,LF","34","4","1","4","1",".252",".311","9","2","0","3","9",".411",".723","27"
"Tommy Troy","ARI","2B","37","4","1","4","1",".239",".305","9","2","0","4","8",".346",".651","27"
"Reese McGuire","MIL","C","40","4","1","5","0",".222",".272","9","1","0","3","10",".328",".600","27"
"Bryan De La Cruz","PHI","LF","41","4","1","5","0",".230",".275","9","2","0","3","12",".367",".642","27"
"Nick Madrigal","LAA","2B,3B","47","5","0","4","1",".262",".302","12","2","0","3","6",".323",".624","26"
"Ji Hwan Bae","NYM","CF,RF","36","5","0","3","3",".232",".310","8","2","0","4","10",".328",".637","26"
"Bob Seymour","","1B","31","4","1","4","1",".223",".287","7","1","0","3","10",".374",".662","26"
"Dustin Harris","CWS","LF","32","4","1","3","2",".226",".295","7","1","0","3","8",".341",".635","26"
"Akil Baddoo","MIL","LF","32","4","1","4","1",".215",".303","7","2","0","4","10",".354",".658","26"
"Jacob Reimer","NYM","1B,3B","32","4","1","4","1",".235",".313","7","1","0","4","9",".383",".696","26"
"Liover Peguero","PHI","1B,2B,SS","36","4","1","4","1",".221",".274","8","2","0","3","9",".345",".619","26"
"Pedro Leon","PHI","RF","33","4","1","4","1",".208",".271","7","1","0","3","11",".355",".625","26"
"Denzer Guzman","LAA","3B,SS","39","4","1","4","1",".211",".278","8","2","0","4","13",".327",".605","26"
"Grant McCray","SF","LF,CF,RF","36","4","1","4","1",".206",".270","7","1","0","3","12",".321",".591","26"
"Jesus Rodriguez","SF","C","38","5","0","4","1",".261",".323","10","2","0","3","7",".345",".668","25"
"Jonatan Clase","TOR","LF,CF","28","4","1","3","2",".226",".292","6","2","0","3","9",".338",".630","25"
"Corey Julks","DET","LF,RF","37","4","1","3","1",".235",".307","9","2","0","4","9",".357",".664","25"
"Miles Mastrobuoni","SEA","2B,3B,LF,RF","40","5","0","3","2",".227",".307","9","2","0","5","9",".302",".609","25"
"Tyler Wade","TEX","2B,LF,CF","44","5","0","3","2",".217",".288","10","1","0","4","12",".256",".544","25"
"Yanquiel Fernandez","NYY","RF","38","4","1","4","0",".224",".272","9","2","0","3","10",".357",".629","25"
"Garrett Hampson","CIN","2B,LF,CF","46","5","0","3","2",".217",".284","10","2","0","4","14",".290",".574","25"
"Jose Miranda","SD","1B,3B","44","4","1","4","0",".226",".272","10","2","0","3","9",".336",".608","25"
"A.J. Vukovich","ARI","3B,OF","32","4","1","4","0",".233",".285","8","1","0","2","11",".379",".664","24"
"Blake Dunn","CIN","LF,RF","33","4","1","3","1",".230",".304","8","1","0","3","11",".355",".659","24"
"Jonathon Long","CHC","1B","33","4","1","4","0",".247",".337","8","1","0","4","9",".364",".701","24"
"Leo De Vries","ATH","SS","30","4","1","4","0",".229",".296","7","2","0","3","8",".394",".690","24"
"Matt Mervis","WSH","1B","31","4","1","4","0",".208",".266","7","1","0","2","10",".358",".624","24"
"Kyle McCann","COL","C","32","4","1","4","0",".216",".288","7","1","0","3","12",".359",".647","24"
"Tirso Ornelas","SD","LF","36","4","1","4","0",".235",".304","8","2","0","4","8",".336",".641","24"
"Ralphy Velazquez","CLE","1B","34","4","1","4","0",".221",".296","7","2","1","4","9",".433",".728","24"
"Payton Eeles","BAL","2B,SS,LF","25","4","1","2","2",".225",".321","6","1","0","4","6",".307",".628","23"
"Max Clark","DET","CF","22","4","1","3","1",".247",".353","5","0","1","4","5",".440",".793","23"
"Stuart Fairchild","CLE","LF,CF,RF","26","4","1","3","1",".228",".291","6","1","0","2","8",".357",".648","23"
"Rafael Lantigua","TOR","2B,3B","28","4","1","3","1",".221",".336","6","1","0","5","6",".319",".656","23"
"Jacob Hurtubise","MIL","LF","33","6","0","2","2",".195",".321","6","1","0","6","9",".286",".607","23"
"Ryan Clifford","NYM","1B,OF","31","4","1","4","0",".206",".301","6","1","0","4","11",".353",".654","23"
"Eloy Jimenez","TOR","RF","31","3","1","4","0",".241",".294","8","2","0","2","7",".367",".661","22"
"Victor Mesa Jr.","TB","RF","28","3","1","4","0",".232",".287","7","2","0","2","6",".363",".651","22"
"Oscar Gonzalez","","LF","32","3","1","4","0",".234",".263","8","1","0","1","8",".364",".627","22"
"Aaron Schunk","ATL","2B,3B,SS","34","3","1","3","1",".226",".275","8","2","0","2","9",".337",".612","22"
"Nelson Velazquez","STL","LF,RF","30","3","1","4","0",".214",".283","7","1","0","3","9",".405",".688","22"
"Petey Halpin","CLE","CF","31","4","1","3","0",".213",".276","7","1","0","3","10",".312",".588","22"
"Jonah Bride","TEX","1B,3B","33","4","1","3","0",".218",".319","7","2","0","5","9",".330",".649","22"
"Hao-Yu Lee","DET","2B,3B","23","3","1","3","1",".238",".311","6","1","0","2","6",".351",".662","21"
"Shay Whitcomb","HOU","2B,3B","25","3","1","3","1",".222",".282","6","1","0","2","8",".414",".696","21"
"Enrique Bradfield Jr.","BAL","OF","28","4","0","2","3",".225",".314","6","1","0","4","8",".336",".650","21"
"Logan Davidson","TB","1B,3B","26","3","1","3","1",".219",".314","6","1","0","4","9",".320",".634","21"
"Gustavo Campero","LAA","RF","26","3","1","3","1",".238",".291","6","1","0","2","5",".342",".633","21"
"Raynel Delgado","TB","SS","27","3","1","2","2",".212",".293","6","1","0","3","6",".308",".601","21"
"Tyler Black","MIL","1B","27","3","1","3","1",".212",".315","6","1","0","4","8",".317",".632","21"
"Jared Young","NYM","1B,LF","27","4","1","3","0",".216",".295","6","1","0","3","8",".359",".654","21"
"Will Robertson","BAL","LF,RF","28","3","1","4","0",".211",".292","6","1","0","3","11",".365",".657","21"
"Carter Kieboom","CLE","1B,2B,3B","29","3","1","3","1",".215",".279","6","1","0","3","7",".305",".584","21"
"Carson McCusker","","LF,RF","30","3","1","3","1",".208",".274","6","2","0","3","11",".375",".648","21"
"Wade Meckler","LAA","CF","40","4","0","3","1",".232",".305","9","2","0","4","10",".305",".610","21"
"Jorge Alfaro","KC","C","27","3","1","3","1",".204",".233","5","1","0","1","10",".304",".537","21"
"Weston Wilson","BAL","2B,LF","27","3","1","3","1",".202",".278","5","1","0","3","8",".344",".622","21"
"Jordyn Adams","MIL","RF","31","3","1","3","1",".196",".265","6","1","0","3","11",".294",".558","21"
"Cam Devanney","","3B","31","3","1","3","1",".208",".286","6","2","0","3","9",".324",".609","21"
"Kenedy Corona","NYY","LF,CF,RF","28","3","1","2","2",".193",".275","5","1","0","3","8",".290",".565","21"
"Will Wilson","","2B,3B,SS","33","3","1","3","1",".195",".264","6","1","0","3","9",".304",".569","21"
"Kahlil Watson","CLE","LF,CF,RF","21","3","1","3","1",".212",".288","4","1","0","2","7",".346",".634","20"
"Vidal Brujan","NYM","3B,SS,OF","36","4","0","3","1",".220",".286","8","2","0","3","8",".305",".590","20"
"Bryan Ramos","BAL","3B","32","3","1","3","0",".212",".268","7","1","0","2","8",".331",".599","20"
"Elehuris Montero","","1B,3B","24","3","1","3","0",".232",".284","6","1","0","2","7",".387",".671","19"
"Daniel Johnson","MIA","CF,RF","26","3","1","2","1",".215",".266","6","1","0","2","7",".361",".626","19"
"Juan Yepez","","1B","22","3","1","3","0",".233",".287","5","1","0","2","4",".372",".659","19"
"Jose Ramos","NYM","OF","26","3","1","3","0",".213",".286","6","1","0","3","10",".357",".644","19"
"J.D. Martinez","","Util","23","3","1","3","0",".226",".293","5","1","0","2","7",".386",".679","19"
"Mickey Gasper","BOS","C,IF","23","3","1","3","0",".224",".308","5","1","0","3","5",".330",".639","19"
"Tim Elko","CWS","1B","23","3","1","3","0",".230",".272","5","1","0","1","8",".346",".618","19"
"Enmanuel Valdez","PIT","1B","27","3","1","3","0",".229",".298","6","1","0","3","6",".372",".671","19"
"Jeferson Quero","MIL","C","24","3","1","3","0",".224",".284","5","1","0","2","5",".334",".619","19"
"Esmerlyn Valdez","PIT","1B,LF,RF","28","3","1","3","0",".227",".286","6","1","0","2","9",".378",".664","19"
"Luis Vazquez","BAL","3B,SS","29","3","1","2","1",".217",".285","6","1","0","3","7",".318",".603","19"
"Luke Williams","ATL","2B,SS","28","3","0","3","2",".196",".253","5","1","0","2","9",".296",".549","19"
"Brian Navarreto","MIA","C","28","3","1","3","0",".186",".242","5","1","0","2","7",".280",".522","19"
"Nick Maton","","3B","28","3","1","3","0",".193",".298","5","1","0","4","9",".319",".617","19"
"Connor Kaiser","KC","2B,SS","29","3","1","2","1",".179",".281","5","1","0","4","10",".269",".550","19"
"Jared Serna","MIA","2B,SS","31","3","0","3","1",".220",".280","7","1","0","3","6",".296",".575","18"
"Alika Williams","PIT","2B,SS","36","4","0","3","0",".229",".274","8","2","0","2","8",".320",".594","18"
"Ryan Noda","BAL","1B","25","4","1","2","0",".167",".308","4","1","0","5","11",".322",".631","18"
"Henry Bolte","ATH","RF","23","3","0","2","2",".247",".327","6","1","0","3","8",".360",".687","17"
"Tyler Nevin","","1B,3B,LF,RF","20","3","1","2","0",".242",".304","5","1","0","2","4",".389",".694","17"
"Hector Rodriguez","CIN","LF,RF","20","3","1","2","0",".255",".292","5","1","0","1","4",".362",".654","17"
"Willie MacIver","TEX","C","27","3","0","3","1",".230",".290","6","1","0","2","8",".327",".617","17"
"Trey Mancini","LAA","1B,LF,RF","22","3","1","2","0",".217",".267","5","1","0","1","6",".315",".582","17"
"Brandon Drury","KC","1B,2B,3B","27","3","1","2","0",".208",".271","6","1","0","2","7",".310",".581","17"
"Connor Joe","SEA","1B,LF,RF","27","3","1","2","0",".210",".295","6","1","0","3","7",".325",".620","17"
"Estevan Florial","","LF,CF,RF","17","2","1","2","1",".219",".291","4","1","0","2","6",".375",".666","16"
"Cesar Prieto","STL","2B,3B,SS","31","3","0","3","0",".241",".278","7","2","0","2","5",".337",".615","16"
"Tristan Peters","CWS","CF","31","3","0","3","0",".218",".291","7","1","0","3","7",".318",".609","16"
"Jhonny Pereda","SEA","C","35","3","0","3","0",".220",".302","8","2","0","4","9",".304",".606","16"
"Joey Gallo","","1B,LF,CF,RF","19","3","1","2","0",".181",".289","3","1","0","3","8",".371",".660","16"
"Max Anderson","DET","2B,3B","23","3","0","3","0",".258",".298","6","1","0","1","4",".356",".654","15"
"James Triantos","CHC","2B,LF,CF","24","3","0","2","1",".253",".291","6","1","0","1","4",".322",".613","15"
"Michael Arroyo","SEA","2B","24","3","0","2","1",".230",".311","6","1","0","3","6",".323",".635","15"
"Blaze Jordan","STL","1B,3B","19","2","1","2","0",".254",".299","5","1","0","1","3",".395",".694","15"
"Sandro Fabian","","LF","20","2","1","2","0",".233",".271","5","1","0","1","4",".377",".648","15"
"Jason Vosler","","1B","20","2","1","2","0",".229",".281","5","1","0","1","5",".381",".662","15"
"Jordan Diaz","","1B,2B,3B","20","2","1","2","0",".243",".288","5","1","0","1","4",".399",".687","15"
"Samad Taylor","SD","2B,RF","23","3","0","2","1",".223",".301","5","1","0","3","6",".316",".617","15"
"Drew Romo","CWS","C","26","2","1","2","0",".218",".263","6","1","0","2","7",".326",".589","15"
"Chadwick Tromp","ATL","C","23","3","0","3","0",".201",".251","5","1","0","2","7",".292",".543","15"
"Trey Lipscomb","WSH","3B","28","3","0","2","1",".227",".272","6","1","0","2","6",".307",".579","15"
"Matt Koperniak","STL","LF","28","3","0","3","0",".225",".278","6","1","0","2","6",".304",".582","15"
"Cavan Biggio","HOU","1B,RF","25","3","0","3","0",".202",".295","5","1","0","3","8",".294",".589","15"
"Garrett Stubbs","PHI","C","29","3","0","3","0",".217",".282","6","1","0","3","8",".302",".584","15"
"Michael Siani","LAD","CF","26","3","0","2","1",".198",".278","5","1","0","3","8",".265",".543","15"
"Braden Shewmake","NYY","2B,3B,SS","26","3","0","2","1",".204",".266","5","1","0","2","5",".302",".568","15"
"Ben Rortvedt","NYM","C","31","3","0","3","0",".196",".273","6","1","0","3","9",".269",".541","15"
"Nicky Lopez","COL","3B","25","3","0","2","0",".259",".325","7","1","0","2","4",".297",".622","14"
"Steward Berroa","MIL","CF,RF","18","2","0","2","2",".199",".295","4","1","0","3","6",".283",".578","14"
"Ryan Ward","LAD","1B,LF,RF","17","2","1","2","0",".210",".278","4","1","0","2","5",".357",".635","14"
"Xavier Isaac","TB","Util","17","2","1","2","0",".214",".292","4","1","0","2","6",".346",".639","14"
"Eduardo Valencia","DET","C,1B","17","2","1","2","0",".246",".299","4","1","0","1","4",".351",".650","14"
"Edward Olivares","TB","LF,RF","18","2","1","2","0",".235",".288","4","1","0","1","4",".385",".674","14"
"Jared Walsh","","1B,RF","19","2","1","2","0",".187",".251","4","1","0","2","8",".317",".568","14"
"Trey Cabbage","","1B,LF,RF","19","2","1","2","0",".222",".278","4","1","0","2","7",".380",".659","14"
"Niko Kavadas","LAA","1B,LF,RF","19","2","1","2","0",".186",".277","4","1","0","2","9",".350",".626","14"
"Mitch Haniger","","RF","16","2","1","2","0",".213",".280","3","1","0","2","5",".355",".635","14"
"Jud Fabian","BAL","LF,CF","16","2","1","2","0",".186",".271","3","1","0","2","6",".323",".594","14"
"Adam Duvall","","LF,CF,RF","20","2","1","2","0",".208",".263","4","1","0","1","7",".375",".637","14"
"Chad Wallach","ATH","C","20","2","1","2","0",".185",".238","4","1","0","1","7",".313",".551","14"
"Patrick Wisdom","SEA","1B,3B,OF","17","2","1","2","0",".180",".247","3","1","0","1","7",".431",".677","14"
"Marco Luciano","NYY","2B,SS","23","2","1","2","0",".183",".279","4","1","0","3","9",".295",".574","14"
"Nick Morabito","NYM","CF","20","2","0","2","1",".244",".294","5","1","0","1","6",".331",".625","13"
"Christian Franklin","WSH","LF,CF,RF","20","3","0","2","0",".230",".314","5","1","0","2","6",".306",".620","13"
"Ronny Simon","PIT","2B,LF","21","2","0","2","1",".239",".310","5","1","0","2","4",".345",".654","13"
"Rhylan Thomas","SEA","LF","21","2","0","2","1",".257",".299","5","1","0","1","2",".299",".599","13"
"Jorbit Vivas","NYY","2B,3B","21","3","0","2","0",".215",".302","5","1","0","3","4",".300",".601","13"
"Tsung-Che Cheng","BOS","2B,3B,SS","22","2","0","2","1",".205",".273","5","1","0","2","6",".286",".559","13"
"Owen Miller","CHC","1B","26","2","0","2","1",".217",".268","6","1","0","2","6",".322",".590","13"
"Kevin Newman","KC","1B,2B,3B,SS","26","3","0","2","0",".240",".283","6","1","0","2","5",".322",".605","13"
"Austin Barnes","NYM","C","28","3","0","2","0",".205",".273","6","1","0","3","7",".265",".538","13"
"Sam Antonacci","CWS","2B,3B","15","2","0","2","1",".246",".314","4","1","0","1","3",".323",".636","12"
"Anthony Seigler","BOS","3B","14","2","0","2","1",".210",".316","3","1","0","2","4",".296",".612","12"
"Yohendrick Pinango","TOR","OF","14","1","1","2","0",".203",".308","3","1","0","2","4",".358",".665","12"
"Billy Cook","PIT","CF","20","2","0","2","1",".211",".265","4","1","0","1","6",".316",".580","12"
"Andrew Pinckney","WSH","OF","20","2","0","2","1",".222",".269","4","1","0","1","7",".340",".610","12"
"Vimael Machin","COL","3B","18","2","0","2","0",".258",".318","5","1","0","2","4",".331",".648","11"
"Dominic Fletcher","PIT","CF,RF","20","2","0","2","0",".234",".277","5","1","0","1","5",".316",".594","11"
"Tomas Nido","DET","C","22","2","0","2","0",".217",".259","5","1","0","1","6",".270",".529","11"
"Edwin Arroyo","CIN","2B,SS","22","2","0","2","0",".243",".292","5","1","0","2","5",".351",".643","11"
"Ben Cowles","TOR","2B,3B,SS","22","2","0","2","0",".227",".289","5","1","0","2","6",".329",".618","11"
"Josue Briceno","DET","C,1B","23","2","0","2","0",".229",".327","5","1","0","3","7",".363",".690","11"
"Aramis Garcia","ARI","C","14","2","1","1","0",".163",".249","2","1","0","2","5",".318",".568","11"
"Albert Almora Jr.","","LF,CF,RF","15","2","0","2","0",".234",".282","4","1","0","1","3",".345",".627","10"
"Brett Sullivan","COL","C","15","2","0","2","0",".235",".289","4","1","0","1","3",".340",".629","10"
"Kemp Alderman","MIA","OF","15","2","0","2","0",".251",".289","4","1","0","1","4",".343",".632","10"
"Michael Stefanic","ATH","2B","16","2","0","2","0",".266",".345","4","1","0","2","3",".344",".690","10"
"Vinny Capra","BOS","3B,SS","16","2","0","2","0",".226",".282","4","1","0","1","4",".320",".601","10"
"Jose Azocar","ATL","LF,CF,RF","17","2","0","1","1",".233",".271","4","1","0","1","4",".322",".593","10"
"Daz Cameron","","LF,CF,RF","13","2","0","2","0",".219",".285","3","1","0","1","4",".368",".653","10"
"Eguy Rosario","","3B","13","2","0","2","0",".212",".274","3","1","0","1","4",".363",".637","10"
"Joshua Palacios","","LF,CF,RF","13","2","0","2","0",".232",".293","3","1","0","1","3",".358",".651","10"
"David Villar","","1B","13","2","0","2","0",".214",".294","3","1","0","2","5",".367",".662","10"
"Oscar Colas","","CF,RF","17","2","0","2","0",".213",".269","4","1","0","1","5",".338",".607","10"
"Josh Kasevich","TOR","3B,SS","17","2","0","2","0",".234",".288","4","1","0","1","3",".309",".597","10"
"Drew Avans","COL","CF,RF","14","2","0","1","1",".234",".300","3","1","0","1","4",".346",".646","10"
"Justin Dean","CHC","CF","18","2","0","1","1",".199",".275","4","0","0","2","6",".256",".531","10"
"Jon Singleton","","1B","14","2","0","2","0",".200",".296","3","1","0","2","5",".344",".640","10"
"Nick Pratto","TEX","1B","14","2","0","2","0",".197",".267","3","1","0","1","5",".342",".609","10"
"Yunior Severino","","1B,2B,3B","14","2","0","2","0",".212",".281","3","1","0","1","5",".352",".633","10"
"Davis Wendzel","PIT","3B","14","2","0","2","0",".204",".275","3","0","0","1","4",".294",".569","10"
"Brennan Milone","ATH","1B","14","2","0","2","0",".226",".300","3","1","0","2","4",".356",".656","10"
"David Dahl","","LF,RF","18","2","0","2","0",".227",".282","4","1","0","1","5",".362",".644","10"
"Matt Thaiss","BOS","C","18","2","0","2","0",".219",".325","4","1","0","3","5",".317",".642","10"
"Willie Calhoun","","RF","18","2","0","2","0",".235",".305","4","1","0","2","3",".357",".662","10"
"Ryan Fitzgerald","LAD","SS","18","2","0","2","0",".210",".287","4","1","0","2","5",".328",".615","10"
"Alex Ramirez","","","15","2","0","1","1",".206",".268","3","1","0","1","4",".297",".564","10"
"Nick Gordon","","2B,LF,CF","15","2","0","2","0",".226",".265","3","1","0","1","4",".358",".623","10"
"Nick Senzel","LAD","3B,LF,CF,RF","15","2","0","2","0",".212",".280","3","1","0","1","4",".330",".610","10"
"Scott Kingery","CHC","2B,SS","15","2","0","2","0",".198",".241","3","0","0","1","5",".295",".536","10"
"Kristian Robinson","ARI","RF","15","2","0","2","0",".205",".289","3","0","0","2","6",".309",".598","10"
"Rodolfo Duran","SD","","15","2","0","2","0",".214",".251","3","1","0","1","4",".318",".569","10"
"Andre Lipcius","","3B","15","2","0","2","0",".216",".283","3","1","0","1","4",".332",".616","10"
"RJ Schreck","TOR","OF","15","2","0","2","0",".207",".303","3","1","0","2","4",".337",".640","10"
"Zach Remillard","","2B,3B,OF","19","2","0","2","0",".208",".271","4","1","0","2","5",".299",".570","10"
"Trei Cruz","DET","SS,LF,CF","19","2","0","2","0",".222",".317","4","1","0","3","6",".326",".642","10"
"Elijah Dunham","LAA","LF","19","2","0","2","0",".198",".271","4","1","0","2","7",".326",".596","10"
"Brandon Valenzuela","TOR","C,1B","19","2","0","2","0",".194",".255","4","1","0","2","6",".292",".547","10"
"Blake Hunt","SD","C","16","2","0","2","0",".210",".259","3","1","0","1","5",".337",".596","10"
"Hayden Senger","NYM","C","16","2","0","2","0",".191",".235","3","0","0","1","5",".267",".502","10"
"Tucker Flint","LAA","","16","2","0","2","0",".193",".271","3","1","0","2","7",".317",".589","10"
"Kevin Kiermaier","","CF","20","2","0","2","0",".220",".268","4","1","0","1","6",".345",".613","10"
"Cole Tucker","","3B,OF","20","2","0","2","0",".202",".272","4","1","0","2","6",".285",".557","10"
"Eric Haase","SF","C","20","2","0","2","0",".223",".277","4","1","0","1","7",".293",".570","10"
"Logan Driscoll","TB","C","20","2","0","2","0",".215",".270","4","1","0","1","6",".336",".606","10"
"Billy McKinney","","LF,RF","16","1","1","1","0",".173",".259","3","1","0","2","5",".326",".586","10"
"Jesus Bastidas","MIA","","17","2","0","2","0",".208",".265","3","1","0","1","5",".331",".596","10"
"Shane McGuire","ATH","","21","2","0","2","0",".207",".284","4","1","0","2","6",".274",".558","10"
"Ethan Murray","MIL","","18","2","0","2","0",".187",".254","3","1","0","2","6",".307",".561","10"
"Will Banfield","CIN","C","22","2","0","2","0",".198",".237","4","1","0","1","7",".289",".527","10"
"Jason Delay","BOS","C","22","2","0","2","0",".201",".249","4","1","0","1","5",".263",".512","10"
"Seby Zavala","","C","13","2","0","2","0",".176",".252","2","1","0","1","5",".289",".541","9"
"Harold Ramirez","","LF,RF","14","2","0","1","0",".258",".294","4","1","0","1","3",".357",".651","8"
"Forrest Wall","","LF","11","1","0","1","1",".228",".295","3","0","0","1","3",".332",".627","8"
"Cooper Ingle","CLE","C","15","2","0","1","0",".239",".356","4","1","0","3","3",".340",".695","8"
"Austin Shenton","","1B","12","2","0","1","0",".215",".297","3","1","0","1","4",".366",".663","8"
"Nate Furman","SF","","12","2","0","1","0",".247",".314","3","1","0","1","2",".351",".665","8"
"Taylor Young","LAD","","13","1","0","1","1",".205",".284","3","1","0","1","4",".280",".563","8"
"Tyler Gentry","KC","RF","13","2","0","1","0",".214",".281","3","1","0","1","4",".337",".618","8"
"Maverick Handley","BAL","C","13","2","0","1","0",".196",".289","3","0","0","2","4",".256",".545","8"
"Jose Herrera","TEX","C","13","2","0","1","0",".198",".282","3","0","0","2","3",".277",".559","8"
"Pedro Ramirez","CHC","2B,3B","13","2","0","1","0",".235",".287","3","1","0","1","3",".315",".602","8"
"Zach DeLoach","","LF,RF","14","2","0","1","0",".221",".294","3","1","0","1","5",".346",".641","8"
"Emmanuel Rivera","","1B,3B","14","2","0","1","0",".235",".288","3","1","0","1","3",".338",".627","8"
"Grae Kessinger","NYM","2B,3B","14","2","0","1","0",".187",".271","3","0","0","2","4",".269",".540","8"
"Luca Tresh","KC","C","14","1","0","2","0",".202",".258","3","1","0","1","4",".349",".607","8"
"Matthew Batten","","1B","16","2","0","1","0",".198",".260","3","1","0","1","5",".288",".548","8"
"Sebastian Rivero","LAA","C","16","1","0","2","0",".202",".232","3","1","0","1","4",".276",".508","8"
"Jack Winkler","HOU","2B,3B,SS","11","1","0","1","1",".196",".251","2","0","0","1","3",".259",".511","7"
"Dom Nunez","CLE","C","14","2","0","1","0",".167",".268","2","0","0","2","5",".265",".533","7"
"Luis Guillorme","","2B,3B","11","1","0","1","0",".225",".313","3","0","0","1","3",".298",".610","6"
"Buddy Kennedy","SF","3B","11","1","0","1","0",".235",".314","3","0","0","1","3",".330",".644","6"
"Carlos Mendoza","TOR","","11","1","0","1","0",".233",".317","3","0","0","1","2",".319",".636","6"
"Kevin Pillar","","LF,CF,RF","12","1","0","1","0",".225",".268","3","1","0","1","3",".350",".618","6"
"Pablo Reyes","SD","2B,3B","12","1","0","1","0",".228",".293","3","1","0","1","3",".343",".636","6"
"Ali Sanchez","NYY","","12","1","0","1","0",".219",".274","3","0","0","1","3",".315",".589","6"
"Luis De Los Santos","","3B","12","1","0","1","0",".209",".259","3","0","0","1","4",".306",".565","6"
"Blake Sabol","TB","C","12","1","0","1","0",".203",".269","3","0","0","1","4",".325",".594","6"
"Eddie Rosario","","LF,CF,RF","13","1","0","1","0",".220",".273","3","1","0","1","3",".362",".636","6"
"Jamie Westbrook","","2B,RF","13","1","0","1","0",".222",".289","3","1","0","1","3",".321",".611","6"
"Cristian Pache","NYM","LF,CF","13","1","0","1","0",".197",".263","3","1","0","1","5",".305",".568","6"
"Bobby Dalbec","","1B,3B","13","1","0","1","0",".195",".262","3","0","0","1","6",".333",".595","6"
"Alan Trejo","","2B,SS","13","1","0","1","0",".218",".262","3","1","0","1","4",".341",".603","6"
"Rene Pinto","PHI","C","13","1","0","1","0",".207",".250","3","1","0","1","5",".357",".607","6"
"Gage Workman","DET","3B,SS,LF,CF,RF","13","1","0","1","0",".198",".262","3","1","0","1","5",".333",".596","6"
"Darren Baker","CWS","2B","13","1","0","1","0",".229",".286","3","0","0","1","3",".289",".575","6"
"Justice Bigbie","DET","LF,RF","13","1","0","1","0",".236",".297","3","1","0","1","3",".333",".629","6"
"Jonathan Ornelas","NYY","3B","14","1","0","1","0",".196",".258","3","0","0","1","4",".291",".549","6"
"P.J. Higgins","CIN","C,1B","14","1","0","1","0",".220",".270","3","1","0","1","4",".327",".596","6"
"Chuckie Robinson","LAD","C","17","1","0","1","0",".196",".248","3","1","0","1","5",".269",".517","6"
"Riley Tirotta","TOR","","7","1","0","1","0",".207",".284","2","0","0","1","3",".318",".602","5"
"Jadher Areinamo","TB","2B,3B,SS","7","1","0","1","0",".240",".284","2","0","0","0","1",".340",".624","5"
"Jose Rojas","NYM","2B,3B,RF","8","1","0","1","0",".198",".265","2","0","0","1","2",".349",".613","5"
"Cooper Kinney","TB","2B,3B","8","1","0","1","0",".226",".270","2","0","0","1","2",".347",".618","5"
"Jase Bowen","SD","OF","8","1","0","1","0",".227",".282","2","1","0","1","3",".348",".629","5"
"Matthew Wood","MIL","C","8","1","0","1","0",".218",".292","2","0","0","1","2",".314",".606","5"
"Nick Raposo","SEA","C","8","1","0","1","0",".198",".256","2","0","0","1","2",".296",".552","5"
"Eliezer Alfonzo","LAD","","8","1","0","1","0",".236",".279","2","0","0","0","1",".334",".612","5"
"Jose Barrero","BAL","SS,CF","9","1","0","1","0",".191",".239","2","0","0","1","3",".314",".553","5"
"Leandro Cedeno","SD","","9","1","0","1","0",".239",".281","2","0","0","1","3",".372",".654","5"
"Paul McIntosh","PHI","","9","1","0","1","0",".215",".286","2","0","0","1","3",".328",".614","5"
"Tristin English","ATL","1B,3B,RF","6","1","0","1","0",".228",".266","1","0","0","0","1",".346",".612","5"
"Luken Baker","ARI","1B","10","1","0","1","0",".209",".288","2","0","0","1","3",".363",".651","5"
"Sean Bouchard","","LF,RF","10","1","0","1","0",".202",".296","2","0","0","1","4",".348",".643","5"
"Collin Price","HOU","","10","1","0","1","0",".185",".266","2","0","0","1","4",".290",".556","5"
"Sergio Alcantara","WSH","2B,SS","11","1","0","1","0",".199",".285","2","0","0","1","3",".265",".551","5"
"J.D. Davis","","1B,3B","11","1","0","1","0",".221",".287","2","0","0","1","3",".345",".632","5"
"Mike Ford","","1B","11","1","0","1","0",".204",".277","2","0","0","1","3",".340",".617","5"
"Sam Hilliard","","LF,CF,RF","11","1","0","1","0",".214",".287","2","0","0","1","4",".381",".667","5"
"Brewer Hicklen","ATL","RF","11","1","0","1","0",".197",".265","2","0","0","1","4",".350",".615","5"
"Brian Serven","ATH","C","11","1","0","1","0",".179",".248","2","0","0","1","4",".264",".511","5"
"Sam Huff","BAL","C","11","1","0","1","0",".197",".253","2","0","0","1","4",".321",".574","5"
"Jacob Amaya","ARI","SS","11","1","0","1","0",".206",".278","2","0","0","1","3",".300",".578","5"
"David Hensley","","2B,RF","11","1","0","1","0",".197",".293","2","1","0","2","4",".298",".591","5"
"Oliver Dunn","CWS","3B","11","1","0","1","0",".198",".267","2","0","0","1","4",".319",".586","5"
"Sam Brown","WSH","","11","1","0","1","0",".224",".289","2","1","0","1","3",".337",".626","5"
"Frederick Bencosme","BAL","SS","11","1","0","1","0",".218",".274","2","1","0","1","2",".309",".583","5"
"Travis Blankenhorn","","LF","12","1","0","1","0",".198",".261","2","1","0","1","4",".345",".605","5"
"Jack Lopez","","2B","12","1","0","1","0",".209",".241","2","0","0","0","4",".303",".544","5"
"Zack Short","NYY","3B,SS","12","1","0","1","0",".183",".285","2","0","0","2","4",".309",".594","5"
"Clay Dungan","SD","","12","1","0","1","0",".198",".272","2","1","0","1","4",".310",".582","5"
"Wilfred Veras","CWS","LF,RF","12","1","0","1","0",".213",".259","2","1","0","1","4",".333",".592","5"
"Terrell Tatum","","OF","12","1","0","1","0",".200",".283","2","0","0","1","4",".292",".575","5"
"Luke Ritter","","","13","1","0","1","0",".193",".267","2","0","0","1","5",".314",".581","5"
"Sandy Leon","ATL","C","15","1","0","1","0",".156",".232","2","1","0","2","6",".286",".517","5"
"Carlos Rodriguez","SD","OF","4","0","0","0","0",".237",".300","1","0","0","0","1",".324",".624","1"
""
""