"Player","Team","Positions","IP","K","W","SV","ERA","WHIP","ER","H","BB","HR","G","GS","L","CG","PTS"
"Tarik Skubal","DET","SP","194.2","236","14","0","2.73","0.97","59","148","40","19","31","31","7","1","707"
"Garrett Crochet","BOS","SP","189.6","232","14","0","3.01","1.06","64","153","49","20","31","31","8","1","692"
"Paul Skenes","PIT","SP","186.5","221","13","0","2.80","1.04","58","146","48","16","31","31","7","1","665"
"Dylan Cease","TOR","SP","175.4","206","11","0","3.68","1.21","72","146","67","21","31","31","9","0","606"
"Cristopher Sanchez","PHI","SP","192.6","189","13","0","3.19","1.14","68","172","48","16","31","31","8","1","602"
"Logan Webb","SF","SP","197.3","188","13","0","3.28","1.17","72","185","46","15","32","32","9","1","602"
"Bryan Woo","SEA","SP","187.5","190","13","0","3.42","1.05","71","157","40","24","31","31","9","0","597"
"Jesus Luzardo","PHI","SP","177.3","198","12","0","3.67","1.18","72","153","55","22","31","31","9","0","597"
"Hunter Brown","HOU","SP","180.6","195","12","0","3.44","1.17","69","152","60","19","31","31","8","1","596"
"Hunter Greene","CIN","SP","169.9","203","11","0","3.69","1.11","70","134","55","24","30","30","8","1","596"
"Framber Valdez","DET","SP","191.4","178","13","0","3.49","1.22","74","170","63","16","30","30","9","2","575"
"Chris Sale","ATL","SP","159.5","194","11","0","3.24","1.10","57","132","43","17","27","27","6","0","574"
"Cole Ragans","KC","SP","155.8","193","11","0","3.36","1.14","58","123","55","17","28","28","7","0","568"
"Max Fried","NYY","SP","183.2","172","14","0","3.31","1.16","67","159","54","17","30","30","8","1","564"
"Logan Gilbert","SEA","SP","165.7","184","11","0","3.39","1.06","62","136","39","21","29","29","7","1","558"
"Joe Ryan","MIN","SP","168.6","184","11","0","3.79","1.10","71","145","40","25","29","29","9","0","556"
"Sonny Gray","BOS","SP","172.0","180","11","0","3.72","1.19","71","159","46","21","30","30","9","0","552"
"Freddy Peralta","NYM","SP","165.2","183","11","0","3.78","1.19","69","136","61","22","30","30","8","0","552"
"Kevin Gausman","TOR","SP","179.9","176","12","0","3.93","1.21","79","164","53","24","31","31","9","1","552"
"Spencer Strider","ATL","SP","157.6","187","11","0","3.96","1.21","69","135","55","21","28","28","8","0","552"
"Nick Pivetta","SD","SP","170.3","184","10","0","3.90","1.15","74","145","52","26","29","29","9","0","551"
"Jacob deGrom","TEX","SP","162.1","179","11","0","3.48","1.06","63","133","39","22","28","28","8","0","544"
"MacKenzie Gore","TEX","SP","160.7","182","10","0","3.86","1.25","69","140","60","20","29","29","9","0","540"
"Yoshinobu Yamamoto","LAD","SP","159.3","173","12","0","3.29","1.11","58","129","48","16","27","27","6","0","536"
"Robbie Ray","SF","SP","171.6","177","10","0","4.18","1.28","80","153","66","25","30","30","10","1","536"
"Zac Gallen","ARI","SP","180.0","168","12","0","4.10","1.27","82","169","58","23","31","31","10","0","535"
"Luis Castillo","SEA","SP","179.0","168","11","0","3.88","1.19","77","162","51","24","31","31","9","0","532"
"George Kirby","SEA","SP","170.7","167","12","0","3.58","1.11","68","156","33","20","30","30","8","0","531"
"Tanner Bibee","CLE","SP","178.3","167","11","0","3.93","1.22","78","164","53","24","30","30","10","1","528"
"Ryan Pepiot","TB","SP","167.9","172","10","0","4.06","1.22","76","145","59","25","31","31","10","0","524"
"Aaron Nola","PHI","SP","170.0","168","11","0","4.14","1.22","78","161","46","25","29","29","9","0","522"
"Jack Flaherty","DET","SP","158.8","174","10","0","4.01","1.24","71","142","55","21","29","29","9","0","521"
"Gavin Williams","CLE","SP","166.3","169","10","0","3.97","1.30","73","145","71","21","30","30","9","0","518"
"Yusei Kikuchi","LAA","SP","167.8","169","9","0","4.26","1.32","79","161","60","25","31","31","10","0","511"
"Michael King","SD","SP","157.3","164","10","0","3.81","1.23","67","139","55","20","29","29","8","1","502"
"Nathan Eovaldi","TEX","SP","163.5","157","11","0","3.61","1.14","66","144","42","19","28","28","8","1","500"
"Jose Soriano","LAA","SP","170.8","155","10","0","3.81","1.33","72","155","72","14","31","31","9","0","495"
"Mitch Keller","PIT","SP","176.1","154","10","0","4.27","1.29","84","174","53","22","31","31","11","0","492"
"Blake Snell","LAD","SP","133.9","166","10","0","3.46","1.21","52","104","58","14","24","24","6","0","490"
"Ranger Suarez","BOS","SP","167.2","150","11","0","3.67","1.24","68","160","48","17","28","28","8","0","488"
"Sandy Alcantara","MIA","SP","179.6","149","10","0","4.14","1.26","82","173","53","21","30","30","11","1","487"
"Brady Singer","CIN","SP","167.7","155","10","0","4.34","1.29","81","163","54","23","31","31","11","0","487"
"Chris Bassitt","BAL","SP","169.5","152","10","0","4.26","1.32","80","166","58","23","34","29","9","1","484"
"Andrew Abbott","CIN","SP","165.9","150","10","0","4.20","1.26","77","157","52","25","29","29","9","1","477"
"Zack Wheeler","PHI","SP","136.9","156","10","0","3.29","1.08","50","111","36","16","23","23","6","0","474"
"Brandon Woodruff","MIL","SP","146.3","154","10","0","3.76","1.13","61","126","40","21","27","27","8","0","474"
"Carlos Rodon","NYY","SP","146.3","153","10","0","3.98","1.21","65","124","53","20","26","26","8","0","470"
"Matthew Boyd","CHC","SP","162.3","146","10","0","3.92","1.21","71","149","47","21","29","29","9","0","469"
"Nick Lodolo","CIN","SP","151.2","153","9","0","4.04","1.19","68","139","41","21","28","28","8","1","468"
"Jacob Misiorowski","MIL","SP","136.6","157","9","0","3.94","1.27","60","110","64","17","30","25","8","0","466"
"David Peterson","NYM","SP","161.3","144","10","0","3.93","1.34","70","155","61","15","29","29","8","1","464"
"Emmet Sheehan","LAD","SP","134.9","156","9","0","3.81","1.16","57","111","46","19","34","24","6","0","463"
"Merrill Kelly","ARI","SP","160.9","144","10","0","4.05","1.25","72","153","49","21","28","28","8","0","463"
"Brandon Pfaadt","ARI","SP","164.8","144","10","0","4.37","1.26","80","169","39","24","29","29","10","0","463"
"Shane Smith","CWS","SP","157.6","149","8","0","4.21","1.28","74","142","59","21","29","29","10","0","459"
"Luis Severino","ATH","SP","175.0","139","10","0","4.56","1.33","89","177","57","24","30","30","11","0","459"
"Shane Baz","BAL","SP","150.8","148","9","0","4.19","1.27","70","138","54","21","28","28","9","0","457"
"Jeffrey Springs","ATH","SP","167.0","141","10","0","4.59","1.31","85","166","53","28","30","30","11","0","457"
"Tyler Glasnow","LAD","SP","131.0","153","9","0","3.65","1.17","53","105","48","16","24","24","6","0","456"
"Nolan McLean","NYM","SP","150.0","144","10","0","3.84","1.28","64","133","59","16","26","26","8","0","456"
"Jack Leiter","TEX","SP","152.8","147","9","0","4.30","1.30","73","136","62","21","29","29","9","0","455"
"Drew Rasmussen","TB","SP","154.7","140","10","0","3.65","1.17","63","139","41","18","30","30","8","0","453"
"Kyle Bradish","BAL","SP","138.2","148","9","0","3.57","1.18","55","119","44","15","26","26","7","0","452"
"Bailey Ober","MIN","SP","157.8","143","9","0","4.34","1.20","76","152","38","26","28","28","9","1","451"
"Tatsuya Imai","HOU","SP","147.0","149","8","0","4.31","1.33","70","132","63","19","26","26","8","3","450"
"Edward Cabrera","CHC","SP","137.7","148","9","0","3.90","1.24","60","117","54","16","26","26","7","0","449"
"Trey Yesavage","TOR","SP","133.6","152","8","0","3.82","1.24","57","109","58","16","31","25","6","0","449"
"Quinn Priester","MIL","SP,RP","163.9","136","10","0","4.13","1.30","75","158","54","20","29","29","9","0","448"
"Eury Perez","MIA","SP","137.1","150","8","0","3.92","1.17","60","115","46","19","27","27","8","0","447"
"Edwin Diaz","LAD","RP","65.4","91","5","37","3.03","1.07","22","47","23","7","65","0","2","0","446"
"Shota Imanaga","CHC","SP","154.4","141","9","0","4.10","1.15","70","143","35","27","27","27","8","0","446"
"Mason Miller","SD","RP","65.7","102","4","33","2.54","0.99","19","40","25","6","64","0","2","0","445"
"Cody Ponce","TOR","SP","143.5","147","8","0","4.09","1.25","65","133","46","20","38","22","8","0","445"
"Reid Detmers","LAA","RP","136.3","150","8","0","4.18","1.27","63","123","50","19","31","24","8","0","445"
"Joe Musgrove","SD","SP","146.4","139","9","0","3.94","1.20","64","137","38","19","26","26","8","0","437"
"Michael Wacha","KC","SP","166.0","129","10","0","4.30","1.28","79","164","49","22","29","29","10","0","435"
"Seth Lugo","KC","SP","160.4","134","9","0","4.40","1.31","78","159","52","24","28","28","10","0","434"
"Kris Bubic","KC","SP","141.4","137","9","0","3.75","1.25","59","130","47","14","30","25","7","0","431"
"Chase Burns","CIN","SP,RP","122.9","146","8","0","3.64","1.16","50","104","38","16","28","23","7","1","430"
"Brayan Bello","BOS","SP","157.3","129","10","0","4.26","1.34","74","155","55","18","28","28","9","0","428"
"Shohei Ohtani (Pitcher)","LAD","SP","118.0","142","9","0","3.36","1.10","44","92","39","14","23","23","5","1","425"
"Cade Smith","CLE","RP","69.6","90","5","32","2.88","1.07","22","54","21","6","70","0","3","0","424"
"Ryne Nelson","ARI","SP,RP","156.3","129","9","0","4.18","1.26","73","153","43","21","33","27","8","0","423"
"Joey Cantillo","CLE","SP,RP","132.6","140","7","0","3.89","1.30","57","116","57","16","42","21","7","0","419"
"Shane McClanahan","TB","SP","128.8","137","8","0","3.63","1.17","52","111","39","16","23","23","7","0","417"
"Bubba Chandler","PIT","SP","142.1","134","8","0","4.20","1.31","66","133","54","17","32","26","8","0","417"
"Clay Holmes","NYM","SP","148.9","122","10","0","3.95","1.34","65","144","56","13","28","28","8","0","410"
"Bryce Miller","SEA","SP","143.1","127","9","0","4.14","1.21","66","131","42","21","26","26","8","0","409"
"Slade Cecconi","CLE","SP","152.6","127","8","0","4.47","1.26","76","153","40","25","28","28","10","0","409"
"Reynaldo Lopez","ATL","SP","130.7","133","8","0","3.96","1.26","57","119","46","16","30","23","7","0","408"
"Noah Cameron","KC","SP","147.6","125","9","0","4.21","1.29","69","143","48","20","27","27","9","0","408"
"Devin Williams","NYM","RP","64.4","86","5","31","3.09","1.15","22","47","27","6","66","0","3","0","405"
"Trevor Rogers","BAL","SP","144.2","124","9","0","4.07","1.28","65","138","47","17","26","26","8","1","405"
"Chad Patrick","MIL","SP","137.7","130","8","0","4.34","1.28","66","130","46","22","26","26","8","0","405"
"Sean Manaea","NYM","SP,RP","128.2","132","8","0","4.10","1.21","58","114","41","18","34","22","6","0","403"
"Casey Mize","DET","SP","142.5","124","9","0","4.13","1.26","65","140","40","19","27","27","8","0","403"
"Dustin May","STL","SP","142.5","127","8","0","4.29","1.30","68","133","53","17","31","24","9","0","403"
"Sean Burke","CWS","SP,RP","140.8","132","7","0","4.76","1.39","75","135","62","23","26","26","10","0","402"
"Cristian Javier","HOU","SP","140.4","128","8","0","4.67","1.33","73","128","58","22","27","27","9","0","400"
"Aroldis Chapman","BOS","RP","60.6","84","4","32","2.99","1.15","20","43","27","5","63","0","3","0","399"
"Jameson Taillon","CHC","SP","153.8","119","9","0","4.45","1.24","76","153","38","25","27","27","9","0","399"
"Jhoan Duran","PHI","RP","67.1","78","5","32","2.87","1.11","21","54","20","5","69","0","3","0","398"
"Jacob Lopez","ATH","SP","126.9","133","7","0","4.29","1.29","61","113","51","19","24","24","8","0","397"
"Matthew Liberatore","STL","SP","147.1","121","8","0","4.32","1.30","71","146","46","19","28","28","10","0","394"
"Andres Munoz","SEA","RP","63.2","80","4","32","2.91","1.12","20","46","25","5","64","0","3","0","393"
"Cam Schlittler","NYY","SP","126.4","127","8","0","4.01","1.28","56","113","49","15","24","24","7","0","392"
"Kyle Freeland","COL","SP","160.8","117","8","0","5.04","1.41","90","184","43","26","29","29","12","0","390"
"David Bednar","NYY","RP","62.5","76","4","33","3.27","1.12","23","49","21","7","64","0","3","0","388"
"Taj Bradley","MIN","SP","132.6","126","7","0","4.31","1.29","63","124","47","19","30","24","8","0","388"
"Mike Burrows","HOU","SP,RP","127.9","127","7","0","4.14","1.26","59","117","44","19","30","24","7","0","387"
"Grayson Rodriguez","LAA","SP","120.0","128","7","0","3.95","1.23","53","108","40","16","22","22","7","0","385"
"Gerrit Cole","NYY","SP","122.2","124","8","0","3.82","1.16","52","107","36","17","21","21","6","1","384"
"Josh Hader","HOU","RP","59.2","82","4","30","3.22","1.07","21","41","22","8","58","0","3","0","383"
"Dean Kremer","BAL","SP","139.1","118","8","0","4.40","1.29","68","136","43","21","35","23","8","0","381"
"Eduardo Rodriguez","ARI","SP","134.2","119","8","0","4.41","1.36","66","135","48","18","28","24","8","0","379"
"Zack Littell","","SP","148.3","113","8","0","4.53","1.25","75","155","31","25","28","25","9","1","377"
"Justin Verlander","DET","SP","139.4","116","8","0","4.42","1.31","69","136","46","20","26","26","8","0","377"
"Davis Martin","CWS","SP","149.6","115","7","0","4.59","1.36","76","151","52","21","28","28","10","0","377"
"Zach Eflin","BAL","SP","144.0","111","9","0","4.37","1.24","70","150","29","23","31","24","8","0","376"
"Will Warren","NYY","SP","124.5","123","7","0","4.26","1.31","59","117","45","17","35","21","7","0","376"
"Braxton Ashcraft","PIT","SP,RP","131.9","118","7","0","3.95","1.29","58","128","42","14","37","22","7","0","374"
"Nick Martinez","TB","SP,RP","144.4","112","8","0","4.32","1.28","69","145","40","19","41","22","8","0","374"
"Jose Berrios","TOR","SP","137.1","115","8","0","4.40","1.29","67","135","43","21","41","20","7","0","374"
"Simeon Woods Richardson","MIN","SP","131.6","118","7","0","4.48","1.33","66","126","49","19","29","25","8","0","370"
"Cade Horton","CHC","SP","128.9","113","8","0","4.05","1.25","58","118","43","16","24","24","7","0","366"
"Daniel Palencia","CHC","RP","64.7","74","4","29","3.67","1.25","26","54","27","7","64","0","3","0","365"
"Kodai Senga","NYM","SP","118.4","119","7","0","3.97","1.31","52","103","52","14","29","20","6","0","365"
"Grant Holmes","ATL","SP","120.1","119","7","0","4.24","1.33","57","114","46","16","30","19","6","0","365"
"Zebby Matthews","MIN","SP","120.9","118","7","0","4.10","1.24","55","118","31","17","29","22","7","0","364"
"Roki Sasaki","LAD","SP","120.4","118","7","0","4.18","1.31","56","110","48","15","35","19","6","1","363"
"Cade Cavalli","WSH","SP","132.1","113","7","0","4.28","1.34","63","130","47","15","25","25","8","0","362"
"Max Meyer","MIA","SP","126.2","115","7","0","4.33","1.31","61","124","42","18","28","23","8","0","361"
"Michael Lorenzen","COL","SP,RP","143.4","113","6","0","5.06","1.44","81","153","53","24","26","26","10","0","359"
"Adrian Houser","SF","SP","144.1","104","8","0","4.36","1.37","70","149","48","16","26","26","9","0","357"
"Ryan Weathers","NYY","SP","120.9","114","7","0","4.07","1.26","55","110","42","16","33","20","6","0","356"
"Foster Griffin","WSH","RP","125.3","115","6","0","4.15","1.28","58","120","40","16","29","21","7","0","356"
"Landen Roupp","SF","SP","122.0","113","7","0","4.10","1.34","56","116","48","13","29","23","7","0","355"
"Tyler Mahle","SF","SP","130.3","107","8","0","4.12","1.28","60","126","41","16","24","24","8","0","354"
"Lucas Giolito","","SP","125.0","112","7","0","4.65","1.37","65","123","49","19","25","22","8","0","352"
"Braxton Garrett","MIA","SP","122.9","110","7","0","3.96","1.22","54","121","30","15","29","22","7","1","351"
"Ryan Helsley","BAL","RP","63.0","72","4","27","3.49","1.21","24","53","23","7","62","0","3","0","350"
"Jeff Hoffman","TOR","RP","63.0","75","4","26","3.70","1.18","26","51","23","9","65","0","4","0","350"
"Parker Messick","CLE","SP","119.3","111","7","0","4.09","1.30","54","114","41","15","23","23","7","0","349"
"Raisel Iglesias","ATL","RP","65.6","70","4","27","3.63","1.14","26","57","18","8","67","0","3","0","348"
"Shane Bieber","TOR","SP","118.6","109","7","0","3.83","1.18","50","111","29","16","24","20","6","0","347"
"Carlos Estevez","KC","RP","64.5","58","4","32","4.22","1.27","30","59","23","8","65","0","4","0","346"
"Emilio Pagan","CIN","RP","65.8","72","3","27","3.91","1.18","29","55","22","10","66","0","3","0","345"
"Brad Lord","WSH","SP","133.5","103","7","0","4.44","1.35","66","134","46","17","31","24","8","0","342"
"Logan Henderson","MIL","SP","108.8","111","7","0","4.15","1.21","50","98","34","17","32","17","6","0","341"
"Steven Matz","TB","RP","125.8","106","6","0","4.17","1.28","58","126","35","17","36","20","7","0","339"
"Aaron Civale","ATH","SP,RP","123.7","106","7","0","4.67","1.31","64","122","39","20","23","23","8","0","339"
"Michael McGreevy","STL","SP","138.1","96","8","0","4.14","1.28","64","143","34","16","29","24","8","0","338"
"Andre Pallante","STL","SP","139.1","96","8","0","4.32","1.41","67","142","54","14","26","26","9","0","338"
"Miles Mikolas","WSH","SP","145.3","95","7","0","4.82","1.32","78","158","34","24","27","27","10","0","331"
"Pete Fairbanks","MIA","RP","61.1","63","4","27","3.55","1.21","24","53","22","6","62","0","3","0","330"
"Anthony Kay","CWS","SP","125.9","103","6","0","4.56","1.40","64","125","50","17","27","22","8","1","330"
"Jose Quintana","COL","SP","139.7","96","7","0","5.05","1.49","78","154","54","20","25","25","10","0","328"
"Grant Taylor","CWS","RP","86.2","102","5","5","3.28","1.20","31","70","33","7","73","2","4","0","325"
"Ryan Walker","SF","RP","62.8","67","4","24","3.48","1.20","24","56","20","6","63","0","3","0","325"
"Bryce Elder","ATL","SP","120.3","100","7","0","4.55","1.37","61","124","41","15","26","21","7","0","325"
"Abner Uribe","MIL","RP","70.0","82","4","16","3.13","1.21","24","54","31","5","70","0","3","0","322"
"Dennis Santana","PIT","RP","67.1","62","4","24","3.93","1.26","29","61","23","7","67","0","3","0","317"
"Kyle Leahy","STL","RP","118.5","98","6","0","4.29","1.35","56","118","42","14","43","16","6","0","317"
"Griffin Jax","TB","RP","66.0","83","4","15","3.01","1.09","22","53","19","6","67","0","3","0","316"
"Luis Morales","ATH","SP","113.3","101","6","0","4.59","1.36","58","107","47","17","27","20","7","0","316"
"Trevor Megill","MIL","RP","63.1","77","4","18","3.43","1.18","24","52","23","7","63","0","3","0","315"
"Chris Paddack","MIA","SP,RP","126.9","96","6","0","4.76","1.32","67","134","33","21","33","22","8","0","315"
"Logan Allen","CLE","SP","121.1","97","6","0","4.55","1.41","61","123","47","17","26","22","8","0","315"
"Johan Oviedo","BOS","SP","105.3","101","6","0","4.26","1.33","50","95","45","13","41","15","5","0","312"
"Luis Gil","NYY","SP","102.3","101","6","0","4.34","1.33","49","87","49","14","38","15","5","0","310"
"Ian Seymour","TB","SP,RP","101.1","99","6","0","4.04","1.22","45","92","31","14","34","14","5","0","307"
"Chase Dollander","COL","SP","116.8","100","5","0","5.29","1.50","69","122","53","18","23","23","9","0","307"
"Lance McCullers Jr.","HOU","SP","103.0","99","6","0","4.54","1.43","52","97","51","13","27","19","6","0","305"
"Josiah Gray","WSH","SP","113.7","98","5","0","4.94","1.40","62","111","48","18","21","21","8","0","304"
"Robert Garcia","TEX","RP","62.3","68","4","19","3.62","1.22","25","54","22","7","65","0","3","0","301"
"Kenley Jansen","DET","RP","58.5","59","3","24","3.97","1.21","26","50","21","8","60","0","3","0","299"
"Seranthony Dominguez","CWS","RP","62.1","70","3","19","3.89","1.29","27","52","29","8","65","0","4","0","299"
"Jacob Latz","TEX","SP,RP","101.8","98","5","0","4.36","1.38","49","91","49","13","44","11","4","0","298"
"Edwin Uceta","TB","RP","66.4","80","4","12","3.75","1.20","28","55","25","9","64","0","3","0","292"
"Jared Jones","PIT","SP","92.3","94","6","0","3.96","1.24","41","84","31","12","20","17","5","0","290"
"Michael Soroka","ARI","SP,RP","93.8","94","5","1","4.11","1.26","43","84","34","12","42","11","5","0","290"
"Randy Vasquez","SD","SP","125.2","84","6","0","4.87","1.41","68","131","46","18","31","23","8","0","289"
"Andrew Painter","PHI","SP","104.6","92","5","0","4.64","1.37","54","105","39","16","27","19","6","0","287"
"Patrick Corbin","","SP","110.0","88","6","0","4.86","1.42","59","119","37","17","22","20","8","0","287"
"German Marquez","SD","SP","117.9","86","6","0","5.07","1.42","66","127","41","19","23","22","8","0","287"
"Kumar Rocker","TEX","SP","100.0","90","5","0","4.19","1.29","47","96","32","13","33","16","6","0","282"
"Bryan Abreu","HOU","RP","68.1","90","4","5","3.17","1.17","24","51","29","7","68","0","3","0","281"
"Clayton Beeter","WSH","RP","61.9","72","3","14","3.89","1.35","27","50","33","6","58","0","3","0","277"
"Riley O'Brien","STL","RP","62.8","65","3","16","3.71","1.31","26","55","28","5","61","0","3","0","275"
"Victor Vodnik","COL","RP","63.5","60","3","18","4.30","1.46","30","62","30","7","62","0","4","0","274"
"Mick Abel","MIN","SP","96.3","88","5","0","4.58","1.41","49","92","44","13","31","16","6","0","273"
"Taijuan Walker","PHI","SP,RP","115.4","80","6","0","4.99","1.43","64","122","42","19","39","17","7","0","273"
"Richard Fitts","STL","SP","106.5","82","5","0","4.51","1.34","53","108","34","15","30","18","6","0","269"
"Griffin Canning","SD","SP","96.7","85","5","0","4.46","1.34","48","93","36","14","26","16","6","0","268"
"Jeremiah Estrada","SD","RP","68.7","93","4","1","3.36","1.15","26","52","27","8","69","0","3","0","267"
"Taylor Rogers","MIN","RP","58.9","61","3","17","4.14","1.34","27","54","25","8","61","0","3","0","267"
"Jake Irvin","WSH","SP","109.6","81","5","0","4.87","1.36","59","113","36","18","25","18","7","0","267"
"Tomoyuki Sugano","COL","SP","119.3","76","6","0","5.19","1.42","69","139","30","21","22","22","9","1","267"
"Garrett Cleavinger","TB","RP","63.6","79","4","7","3.41","1.16","24","50","24","7","66","0","3","0","265"
"Kevin Ginkel","ARI","RP","62.2","64","4","13","3.81","1.29","26","57","24","6","62","0","3","0","262"
"Erick Fedde","CWS","SP,RP","107.1","78","5","0","4.97","1.42","59","110","42","17","24","18","7","0","259"
"Spencer Arrighetti","HOU","SP","84.8","85","5","0","4.57","1.36","43","78","37","13","24","14","5","0","258"
"Justin Steele","CHC","SP","84.3","80","6","0","3.60","1.18","34","77","23","9","15","15","4","0","257"
"Robert Suarez","ATL","RP","66.6","69","4","9","3.60","1.18","27","58","21","7","68","0","3","0","256"
"Ryan Feltner","COL","SP","101.7","81","4","0","5.15","1.49","58","109","43","15","27","17","7","0","255"
"JoJo Romero","STL","RP","62.4","58","4","13","3.68","1.30","26","57","24","6","65","0","3","0","250"
"Alek Manoah","LAA","SP","96.0","80","4","0","4.95","1.41","53","95","41","15","18","18","7","0","250"
"Tyler Anderson","","SP","97.1","75","5","0","4.89","1.42","53","99","39","16","20","17","7","0","246"
"Caden Dana","LAA","SP","89.1","78","5","0","5.04","1.43","50","88","40","16","17","17","7","0","245"
"Hunter Barco","PIT","SP,RP","85.2","79","4","0","4.16","1.35","39","79","36","10","32","12","4","0","244"
"Kyle Harrison","MIL","SP,RP","78.6","81","4","0","4.24","1.31","37","72","31","11","27","12","4","0","242"
"Luke Weaver","NYM","RP","66.9","72","4","5","3.96","1.21","29","59","22","10","62","0","3","0","241"
"Garrett Whitlock","BOS","RP","67.9","75","4","3","3.33","1.15","25","59","20","6","63","0","3","0","240"
"Max Scherzer","TOR","SP","80.0","77","5","0","4.40","1.23","39","76","23","14","23","14","5","0","240"
"Kutter Crawford","BOS","SP","80.0","76","5","0","4.21","1.21","37","74","23","12","44","6","4","0","239"
"Robert Stephenson","LAA","RP","55.4","63","3","11","3.95","1.19","24","48","18","8","55","0","3","0","239"
"Will Vest","DET","RP","66.8","67","4","6","3.41","1.20","25","59","21","6","66","0","3","0","238"
"Justin Sterner","ATH","RP","65.4","66","3","8","4.27","1.27","31","59","24","10","63","0","3","0","237"
"Phil Maton","CHC","RP","64.0","70","4","5","3.66","1.21","26","53","24","7","66","0","3","0","236"
"Joe Boyle","TB","SP,RP","72.0","80","4","0","4.10","1.35","33","59","38","8","20","12","4","0","236"
"Hogan Harris","ATH","RP","65.5","63","3","9","4.38","1.40","32","61","31","8","57","0","3","0","236"
"Tanner Scott","LAD","RP","63.4","72","4","4","3.57","1.23","25","53","25","7","63","0","3","0","235"
"Camilo Doval","NYY","RP","63.4","72","4","4","3.57","1.29","25","51","30","5","64","0","3","0","235"
"Matt Brash","SEA","RP","61.5","74","4","3","3.24","1.21","22","50","24","5","63","0","3","0","234"
"Ryan Weiss","HOU","SP","79.2","77","4","0","4.34","1.32","38","74","31","11","33","9","5","0","234"
"Spencer Schwellenbach","ATL","SP","75.3","74","5","0","3.54","1.12","30","68","16","9","13","13","3","0","233"
"Jordan Leasure","CWS","RP","63.9","72","3","5","4.21","1.30","30","54","29","9","65","0","4","0","233"
"Fernando Cruz","NYY","RP","59.3","80","4","1","3.60","1.23","24","46","27","7","60","0","3","0","232"
"Robert Gasser","MIL","SP","79.4","75","4","0","3.98","1.24","35","73","25","10","36","9","4","0","232"
"Tony Santillan","CIN","RP","68.6","72","3","4","4.20","1.33","32","61","30","9","70","0","3","0","232"
"Alex Vesia","LAD","RP","62.2","78","4","1","3.59","1.16","25","47","25","9","64","0","3","0","231"
"Cole Henry","WSH","RP","62.9","60","2","11","4.78","1.44","33","58","33","9","64","0","3","0","231"
"Kirby Yates","LAA","RP","55.3","66","3","8","4.04","1.28","25","45","26","7","56","0","3","0","230"
"Mark Leiter Jr.","ATH","RP","63.4","68","4","5","4.10","1.32","29","59","24","8","65","0","3","0","230"
"Hunter Dobbins","STL","SP","91.9","68","5","0","4.42","1.35","45","94","31","11","29","14","5","0","230"
"Adrian Morejon","SD","RP","67.2","67","5","3","3.35","1.18","25","58","21","6","68","0","4","0","229"
"Jonathan Cannon","CWS","SP,RP","94.3","70","4","0","4.88","1.40","51","98","33","15","33","13","6","0","229"
"Andrew Kittredge","BAL","RP","65.6","65","4","5","3.74","1.19","27","60","18","9","66","0","3","0","227"
"Luis Medina","ATH","SP","81.7","73","4","0","4.69","1.42","43","79","37","11","36","10","5","0","226"
"Robby Snelling","MIA","SP","80.4","70","4","0","4.17","1.33","37","78","29","10","15","15","5","0","222"
"Mike Vasil","CWS","SP,RP","84.3","67","4","1","4.46","1.40","42","82","35","11","62","2","4","0","222"
"Jose A. Ferrer","SEA","RP","68.5","65","4","3","3.24","1.18","25","61","20","5","68","0","3","0","221"
"Janson Junk","MIA","SP,RP","88.2","64","5","0","4.32","1.28","42","92","20","11","38","11","5","0","220"
"Jimmy Herget","COL","RP","75.4","69","3","2","4.43","1.33","37","76","25","11","69","0","4","0","220"
"Dylan Lee","ATL","RP","65.3","73","3","1","3.64","1.16","26","57","18","9","66","0","3","0","218"
"Calvin Faucher","MIA","RP","64.4","64","3","5","4.06","1.36","29","60","27","7","65","0","4","0","218"
"Matt Strahm","KC","RP","64.3","70","4","1","3.54","1.13","25","54","19","8","64","0","3","0","217"
"Jose Alvarado","PHI","RP","59.1","67","4","3","3.47","1.25","23","50","24","6","60","0","3","0","217"
"Louis Varland","TOR","RP","66.3","67","4","2","3.73","1.22","27","61","20","8","62","0","3","0","217"
"Shawn Armstrong","CLE","RP","67.8","67","3","3","3.80","1.21","29","61","21","8","67","0","3","0","217"
"Bryan Baker","TB","RP","63.6","71","3","2","3.87","1.21","27","54","23","9","64","0","3","0","217"
"Keegan Akin","BAL","SP,RP","65.8","67","4","2","4.01","1.27","29","60","24","9","65","0","3","0","215"
"Cole Sands","MIN","SP,RP","67.4","65","4","2","3.93","1.23","29","62","20","8","66","0","4","0","213"
"Juan Mejia","COL","RP","64.8","67","3","3","4.45","1.42","32","62","30","8","64","0","4","0","213"
"Jose Urquidy","PIT","RP","87.4","65","4","0","4.90","1.35","48","90","28","14","26","15","6","0","213"
"Orion Kerkering","PHI","RP","63.0","68","4","1","3.48","1.21","24","54","22","6","65","0","3","0","212"
"Hunter Gaddis","CLE","RP","66.6","64","3","3","3.89","1.21","29","60","21","9","65","0","3","0","210"
"Ryan Zeferjahn","LAA","RP","63.2","71","3","1","4.40","1.38","31","55","33","9","63","0","4","0","210"
"Steven Okert","HOU","RP","63.1","72","3","0","3.85","1.19","27","53","23","9","65","0","3","0","209"
"Paul Sewald","ARI","RP","55.8","56","3","8","4.40","1.25","27","51","18","9","57","0","3","0","209"
"Gregory Soto","PIT","RP","60.6","65","3","3","3.78","1.30","25","54","25","5","64","0","3","0","208"
"Aaron Ashby","MIL","RP","65.2","68","3","1","3.73","1.37","27","57","32","5","57","0","3","0","208"
"Colin Rea","CHC","SP,RP","80.0","64","4","0","4.46","1.30","40","80","24","12","35","8","4","0","208"
"Jared Koenig","MIL","RP","64.5","65","4","1","3.60","1.23","26","57","22","7","65","0","3","0","207"
"Eduard Bazardo","SEA","RP","67.0","69","3","0","3.67","1.20","27","57","23","8","66","0","3","0","207"
"Kyle Finnegan","DET","RP","62.9","59","4","4","3.92","1.28","27","58","22","7","63","0","4","0","207"
"Matt Svanson","STL","RP","64.2","60","3","4","3.73","1.29","27","59","24","6","59","0","3","0","206"
"Caleb Thielbar","CHC","RP","63.0","65","4","1","3.70","1.20","26","55","21","8","67","0","3","0","205"
"Yimi Garcia","TOR","RP","54.7","61","3","5","3.76","1.19","23","46","19","7","55","0","3","0","205"
"Erik Sabrowski","CLE","RP","59.4","72","3","0","3.90","1.36","26","47","34","6","58","0","3","0","205"
"Patrick Sandoval","BOS","SP","71.1","65","4","0","4.10","1.39","32","69","30","7","32","9","4","0","205"
"Brad Keller","PHI","RP","66.6","61","4","2","4.03","1.33","30","62","27","8","62","0","3","0","204"
"Elvis Alvarado","ATH","RP","59.3","62","3","4","4.23","1.38","28","52","29","8","57","0","3","0","204"
"Justin Topa","MIN","RP","63.1","52","3","7","4.03","1.33","28","64","20","6","62","0","3","0","203"
"Rhett Lowder","CIN","SP","78.9","62","4","0","4.49","1.34","39","80","26","11","27","12","4","0","203"
"Lucas Erceg","KC","RP","62.3","59","4","3","3.75","1.28","26","56","23","5","62","0","4","0","202"
"Carmen Mlodzinski","PIT","SP,RP","71.0","63","4","0","3.83","1.29","30","67","24","7","45","4","4","0","202"
"Kody Funderburk","MIN","RP","62.1","59","3","4","3.87","1.34","27","58","25","6","60","0","3","0","202"
"Erik Miller","SF","RP","58.3","63","3","3","3.70","1.37","24","49","31","5","60","0","3","0","202"
"Gabe Speier","SEA","RP","58.6","69","3","0","3.27","1.11","21","48","17","6","64","0","3","0","201"
"Bryan King","HOU","RP","65.0","64","4","0","3.63","1.20","26","58","20","8","67","0","3","0","200"
"Sean Newcomb","CWS","SP,RP","67.3","64","3","1","4.03","1.35","30","63","28","7","52","2","3","0","200"
"Seth Halvorsen","COL","RP","60.0","55","3","6","4.65","1.47","31","60","27","8","59","0","4","0","200"
"Troy Melton","DET","SP,RP","69.2","63","4","0","4.11","1.27","32","65","22","10","34","7","3","0","199"
"Drew Anderson","DET","RP","61.0","68","3","0","3.97","1.27","27","52","25","7","43","2","3","0","199"
"Tyler Kinley","ATL","RP","62.7","68","3","0","4.09","1.30","29","55","27","8","64","0","3","0","199"
"Pierce Johnson","CIN","RP","60.6","66","3","1","4.24","1.32","29","56","24","9","62","0","3","0","198"
"Tyler Holton","DET","SP,RP","70.4","58","4","1","3.69","1.17","29","64","18","9","67","0","4","0","197"
"Mason Montgomery","PIT","RP","60.5","65","3","1","3.98","1.32","27","55","25","7","59","0","3","0","197"
"Blake Treinen","LAD","RP","56.5","63","4","1","3.85","1.27","24","50","22","7","58","0","3","0","196"
"Graham Ashcraft","CIN","RP","64.3","58","4","2","3.92","1.31","28","63","21","6","59","0","3","0","196"
"Tyler Wells","BAL","SP","68.4","61","4","0","4.27","1.19","32","64","18","12","43","4","4","0","194"
"Isaac Mattson","PIT","RP","62.9","60","3","2","4.25","1.36","30","57","28","8","61","0","3","0","193"
"Charlie Morton","","SP,RP","63.7","63","4","0","4.66","1.44","33","62","30","9","12","12","4","0","193"
"Aaron Bummer","ATL","RP","60.6","62","4","0","3.65","1.31","25","57","23","5","59","0","3","0","192"
"Drew Pomeranz","LAA","SP,RP","56.6","61","3","2","3.89","1.23","24","50","20","7","59","0","3","0","192"
"Ryan Thompson","ARI","RP","63.2","51","4","4","3.92","1.30","28","63","19","6","64","0","3","0","191"
"Greg Weissert","BOS","RP","64.7","58","4","1","4.14","1.31","30","62","23","8","66","0","3","0","191"
"David Festa","MIN","SP","62.2","64","3","0","4.19","1.27","29","58","22","8","23","10","4","0","191"
"Jordan Romano","LAA","RP","54.6","59","3","3","4.29","1.29","26","50","21","8","56","0","3","0","190"
"Cole Winn","TEX","RP","62.1","54","3","4","4.37","1.38","30","57","29","7","56","0","3","0","190"
"Brandon Sproat","MIL","SP","68.6","58","4","0","4.24","1.33","32","65","27","8","23","11","4","0","189"
"Cody Bradford","TEX","SP","67.2","58","4","0","4.20","1.20","31","64","16","10","30","8","4","0","188"
"Ben Joyce","LAA","RP","44.9","51","2","8","3.71","1.27","18","37","20","4","44","0","2","0","188"
"Scott Barlow","ATH","RP","56.0","60","3","2","4.27","1.39","27","49","29","6","58","0","3","0","188"
"PJ Poulin","WSH","RP","57.5","56","3","3","4.03","1.35","26","53","24","6","58","0","3","0","187"
"Hunter Harvey","CHC","RP","50.7","55","3","4","3.37","1.14","19","43","15","5","50","0","2","0","186"
"Jason Adam","SD","RP","56.1","60","3","1","3.50","1.18","22","46","20","6","56","0","3","0","185"
"Andrew Nardi","MIA","RP","52.7","64","3","0","3.71","1.24","22","44","21","7","55","0","3","0","185"
"Jose Butto","SF","SP,RP","62.4","56","3","2","4.08","1.33","28","57","26","7","56","0","3","0","185"
"Ryne Stanek","STL","RP","57.8","58","3","2","4.25","1.37","27","52","27","7","61","0","3","0","185"
"Chris Martin","TEX","RP","52.4","51","3","5","3.44","1.15","20","49","11","6","53","0","3","0","184"
"Tyler Rogers","TOR","RP","70.2","49","4","2","3.72","1.22","29","70","15","7","72","0","3","0","184"
"John Schreiber","KC","RP","62.8","58","3","1","4.10","1.30","29","59","23","8","66","0","3","0","184"
"Tobias Myers","NYM","SP,RP","66.3","56","4","0","4.17","1.28","31","65","20","9","44","4","3","0","183"
"Spencer Bivens","SF","RP","69.5","52","3","2","4.19","1.35","32","71","23","8","62","0","4","0","183"
"Brooks Raley","NYM","RP","58.4","58","3","1","3.76","1.22","24","51","20","6","61","0","3","0","182"
"Andrew Alvarez","WSH","SP","76.4","55","3","0","4.43","1.40","38","78","30","9","27","12","4","0","182"
"Justin Slaten","BOS","RP","60.3","57","4","0","3.90","1.26","26","56","20","7","58","0","3","0","181"
"JP Sears","SD","SP","64.8","56","4","0","4.50","1.26","32","63","19","11","25","9","4","0","181"
"David Morgan","SD","RP","59.2","60","3","0","4.14","1.32","27","53","25","7","57","0","3","0","181"
"J.T. Ginn","ATH","SP,RP","62.4","59","3","0","4.22","1.32","29","60","22","8","26","8","3","0","181"
"Alexis Diaz","TEX","RP","56.8","57","3","2","4.65","1.38","29","49","29","8","56","0","3","0","181"
"Tanner Banks","PHI","RP","62.5","58","3","0","3.95","1.24","27","59","18","8","61","0","3","0","180"
"Julian Fernandez","WSH","RP","55.9","56","3","2","4.08","1.29","25","51","21","7","54","0","3","0","180"
"Brock Burke","CIN","RP","62.2","56","3","1","4.22","1.31","29","61","21","8","64","0","3","0","180"
"Enyel De Los Santos","HOU","RP","61.0","59","3","0","4.31","1.30","29","56","23","9","61","0","3","0","180"
"Tyler Alexander","TEX","SP,RP","68.5","57","3","0","4.55","1.29","35","70","18","11","51","2","4","0","180"
"Joel Peguero","SF","RP","59.8","50","3","4","4.45","1.43","30","60","25","7","58","0","3","0","180"
"Jakob Junis","TEX","RP","63.6","55","3","1","4.05","1.22","29","61","17","8","58","0","3","0","179"
"Payton Tolle","BOS","SP,RP","56.8","60","3","0","4.05","1.24","26","51","20","8","30","6","3","0","179"
"Anthony Bender","MIA","RP","60.1","56","3","1","3.94","1.31","26","55","23","6","62","0","3","0","179"
"Anthony Banda","MIN","RP","59.3","57","3","1","4.34","1.38","29","55","26","8","59","0","3","0","179"
"Ben Brown","CHC","SP,RP","54.3","60","3","0","3.84","1.22","23","48","18","7","35","2","3","0","178"
"Nick Mears","KC","RP","60.5","58","3","0","4.13","1.31","28","56","23","7","62","0","3","0","178"
"A.J. Minter","NYM","RP","49.7","56","3","2","3.48","1.17","19","41","17","6","50","0","3","0","177"
"Matt Festa","CLE","RP","58.9","58","3","0","4.02","1.27","26","53","21","7","60","0","3","0","177"
"Stephen Kolek","KC","SP","72.1","51","4","0","4.31","1.36","34","75","23","8","34","8","4","0","177"
"Kade Strowd","ARI","RP","57.9","54","3","2","4.18","1.41","27","55","26","6","58","0","3","0","177"
"Hurston Waldrep","ATL","SP","62.6","55","4","0","4.41","1.41","31","60","28","7","12","11","4","0","177"
"Connor Phillips","CIN","RP","54.6","58","3","1","4.58","1.40","28","48","28","8","50","0","3","0","177"
"Mason Englert","TB","RP","60.3","57","3","0","4.06","1.25","27","58","18","8","54","0","3","0","176"
"Brendon Little","TOR","RP","53.9","59","3","0","3.55","1.36","21","45","28","4","57","0","3","0","176"
"Tyler Phillips","MIA","RP","68.4","50","3","2","4.43","1.39","34","71","23","8","59","0","3","0","176"
"Eric Lauer","TOR","SP,RP","60.7","57","3","0","4.30","1.27","29","57","20","10","40","3","3","0","175"
"Grant Anderson","MIL","RP","57.2","58","3","0","4.18","1.31","27","53","22","8","56","0","3","0","175"
"Michael Kelly","ATH","RP","59.2","50","3","3","4.59","1.41","30","58","26","8","58","0","3","0","174"
"Angel Zerpa","MIL","RP","60.0","55","3","0","3.68","1.27","25","56","20","7","60","0","3","0","173"
"Justin Lawrence","PIT","RP","56.4","55","3","1","4.07","1.38","26","52","26","5","54","0","3","0","173"
"Braydon Fisher","TOR","RP","51.5","58","3","0","3.81","1.28","22","43","23","6","51","0","2","0","172"
"Yennier Cano","BAL","RP","57.8","53","3","1","3.81","1.30","24","55","21","6","60","0","3","0","172"
"Jake Bird","NYY","RP","54.8","57","3","0","3.95","1.30","24","49","23","6","52","0","3","0","172"
"Drey Jameson","ARI","RP","54.8","50","3","3","4.19","1.37","26","53","22","6","50","0","3","0","172"
"Emerson Hancock","SEA","SP,RP","67.8","53","3","0","4.42","1.32","33","67","22","9","35","7","4","0","172"
"Hoby Milner","CHC","RP","62.2","53","3","0","3.83","1.28","26","61","18","6","63","0","3","0","170"
"Dietrich Enns","BAL","SP,RP","59.2","55","3","0","4.21","1.34","28","59","20","8","50","0","3","0","170"
"Hayden Birdsong","SF","SP,RP","55.8","56","3","0","4.60","1.41","28","51","27","8","22","8","3","0","169"
"Eric Orze","MIN","RP","55.1","55","3","0","4.16","1.36","25","50","25","7","53","0","3","0","168"
"Connelly Early","BOS","SP","52.2","55","3","0","3.70","1.26","21","46","20","5","22","7","3","0","167"
"Tommy Nance","TOR","RP","56.2","54","3","0","3.80","1.26","24","53","18","6","55","0","2","0","167"
"Caleb Ferguson","CIN","RP","57.0","54","3","0","4.07","1.33","26","54","22","6","60","0","3","0","167"
"Joey Wentz","ATL","SP,RP","56.4","55","3","0","4.58","1.41","29","56","23","8","32","5","3","0","167"
"Bennett Sousa","HOU","RP","50.5","55","3","0","3.55","1.19","20","43","17","6","49","0","2","0","166"
"Brandon Eisert","CWS","SP,RP","55.8","54","3","0","4.21","1.32","26","53","20","7","56","0","3","0","166"
"Ben Casparius","LAD","SP,RP","57.1","54","3","0","4.42","1.33","28","54","22","8","49","0","3","0","166"
"Jovani Moran","BOS","RP","50.7","55","3","0","3.80","1.32","21","45","22","5","49","0","2","0","165"
"Ryan Yarbrough","NYY","SP,RP","63.5","51","3","0","4.34","1.26","31","61","19","10","44","2","3","0","165"
"Zack Kelly","BOS","SP,RP","55.5","54","3","0","4.33","1.39","27","51","26","7","53","0","3","0","165"
"Marcus Stroman","","SP","66.8","48","4","0","4.66","1.44","35","70","26","8","14","12","5","0","165"
"Tim Herrin","CLE","RP","52.4","54","3","0","3.83","1.33","22","45","24","5","55","0","3","0","164"
"Luis Garcia","NYM","RP","57.8","52","3","0","4.03","1.35","26","56","22","6","58","0","3","0","164"
"Javier Assad","CHC","SP","61.8","51","3","0","4.15","1.34","29","60","23","7","41","3","3","0","164"
"Yuki Matsui","SD","RP","53.5","54","3","0","4.19","1.34","25","47","24","7","53","0","2","0","164"
"Bailey Falter","KC","SP","68.4","49","3","0","4.66","1.34","35","69","23","10","40","5","4","0","164"
"Jack Dreyer","LAD","SP,RP","53.4","53","3","0","3.87","1.25","23","47","19","6","53","0","2","0","163"
"Yohan Ramirez","PIT","RP","52.4","54","3","0","4.11","1.34","24","48","22","5","50","0","3","0","163"
"Paul Blackburn","NYY","SP,RP","61.0","51","3","0","4.45","1.32","30","61","19","8","46","3","3","0","163"
"Jordan Hicks","CWS","SP,RP","57.4","52","3","0","4.20","1.40","27","55","25","6","53","0","3","0","163"
"Jackson Rutledge","WSH","SP,RP","58.5","50","3","1","4.71","1.40","31","59","23","9","53","0","3","0","163"
"Keider Montero","DET","SP,RP","60.8","51","3","0","4.53","1.35","31","61","21","9","29","5","4","0","162"
"Brennan Bernardino","COL","SP,RP","55.9","50","3","1","4.51","1.45","28","57","25","6","58","0","3","0","162"
"Jonathan Bowlan","PHI","RP","54.5","52","3","0","4.13","1.29","25","51","19","7","50","0","3","0","161"
"Wandy Peralta","SD","RP","58.7","50","3","0","3.88","1.35","25","55","25","6","60","0","3","0","161"
"Jacob Webb","CHC","RP","54.7","52","3","0","4.26","1.29","26","49","22","7","54","0","3","0","161"
"Yoendrys Gomez","TB","SP,RP","53.0","53","3","0","4.34","1.32","26","48","22","8","33","4","3","0","161"
"Porter Hodge","CHC","RP","48.7","54","3","0","4.10","1.38","22","41","26","6","47","0","3","0","161"
"Griff McGarry","WSH","SP","50.5","56","2","0","4.29","1.44","24","42","30","6","46","0","2","0","161"
"Jon Gray","","RP","56.9","49","4","0","4.52","1.32","29","57","18","8","12","10","4","0","160"
"Rico Garcia","BAL","RP","52.7","55","2","0","4.42","1.36","26","49","23","8","50","0","2","0","160"
"Brant Hurter","DET","SP,RP","55.0","50","3","0","3.77","1.25","23","52","17","5","47","0","3","0","159"
"Connor Prielipp","MIN","SP","55.3","51","3","0","4.23","1.36","26","54","21","6","35","4","3","0","159"
"Jose Fermin","LAA","RP","50.3","53","3","0","4.40","1.37","25","44","24","7","51","0","3","0","159"
"Travis Adams","MIN","SP,RP","61.6","49","3","0","4.59","1.39","31","64","22","8","44","2","3","0","159"
"Brent Suter","LAA","SP,RP","62.3","48","3","0","4.36","1.33","30","64","19","9","58","0","3","0","158"
"Cade Gibson","MIA","RP","61.0","48","3","0","4.20","1.39","28","61","24","6","55","0","3","0","158"
"Trevor McDonald","SF","SP,RP","61.0","48","3","0","4.39","1.38","30","62","22","7","20","9","3","0","157"
"Will Klein","LAD","RP","47.9","53","3","0","4.33","1.45","23","42","27","6","47","0","3","0","157"
"Huascar Brazoban","NYM","SP,RP","53.2","50","3","0","4.09","1.34","24","48","23","6","50","0","3","0","156"
"Antonio Senzatela","COL","SP,RP","74.4","45","3","0","5.51","1.58","46","92","26","12","38","6","5","0","156"
"DL Hall","MIL","SP,RP","52.2","50","3","0","4.12","1.36","24","47","23","6","45","0","2","0","155"
"Casey Legumina","SEA","RP","51.2","50","3","0","4.16","1.31","24","47","20","7","50","0","3","0","154"
"Gordon Graceffo","STL","RP","59.3","47","3","0","4.35","1.36","29","61","19","7","50","0","3","0","154"
"Ian Hamilton","ATL","RP","49.7","52","2","0","3.95","1.35","22","45","22","5","48","0","2","0","153"
"Lake Bachar","MIA","RP","49.7","50","3","0","4.35","1.35","24","46","21","7","47","0","3","0","153"
"Jaden Hill","COL","RP","50.9","50","3","0","4.39","1.37","25","50","19","6","50","0","3","0","153"
"Nate Pearson","HOU","RP","51.4","52","2","0","4.37","1.36","25","47","23","7","50","0","3","0","153"
"Alex Lange","KC","RP","47.1","50","3","0","4.06","1.41","21","41","25","4","48","0","2","0","152"
"Chase Silseth","LAA","RP","52.6","51","2","0","4.32","1.39","25","48","25","6","46","0","3","0","152"
"Joel Payamps","ATL","RP","51.1","48","3","0","4.10","1.28","23","49","16","7","53","0","2","0","151"
"Justin Wrobleski","LAD","RP","52.1","48","3","0","4.21","1.31","24","50","18","7","32","3","2","0","151"
"Steven Wilson","TB","RP","52.1","51","2","0","4.66","1.35","27","47","23","9","53","0","3","0","151"
"Ryan Bergert","KC","SP","56.7","47","3","0","4.73","1.40","30","56","23","8","23","8","3","0","151"
"Daniel Lynch","KC","RP","59.8","45","3","0","4.34","1.35","29","61","20","8","53","0","3","0","150"
"Connor Brogdon","CLE","RP","50.6","51","2","0","4.49","1.35","25","48","21","8","49","0","3","0","150"
"Brenan Hanifee","DET","RP","58.5","44","3","0","3.94","1.30","26","60","17","6","55","0","3","0","149"
"Cole Sulser","TB","RP","51.2","47","3","0","4.11","1.31","23","49","18","7","49","0","3","0","149"
"Andrew Chafin","MIN","RP","47.9","51","2","0","4.13","1.41","22","44","24","5","50","0","3","0","149"
"Mitchell Parker","WSH","SP","59.9","45","3","0","4.61","1.36","31","61","20","8","27","6","4","0","149"
"Tim Hill","NYY","RP","65.2","38","4","0","4.06","1.35","29","69","19","7","65","0","3","0","147"
"Matt Pushard","STL","RP","52.1","46","3","0","4.27","1.35","25","51","20","7","51","0","3","0","147"
"Tommy Kahnle","","RP","51.7","46","2","1","4.38","1.40","25","48","25","6","53","0","3","0","146"
"Justin Bruihl","STL","RP","50.1","45","3","0","4.05","1.34","23","48","19","5","51","0","3","0","144"
"Carlos Vargas","SEA","RP","56.4","43","3","0","4.11","1.34","26","56","20","6","56","0","3","0","144"
"Ryan Gusto","MIA","SP,RP","52.4","45","3","0","4.50","1.36","26","53","18","7","33","4","3","0","144"
"Roddery Munoz","HOU","RP","48.6","49","2","0","4.65","1.40","25","45","23","8","43","0","3","0","144"
"Eduarniel Nunez","ATH","RP","47.9","49","2","0","4.45","1.48","24","43","28","6","46","0","3","0","144"
"A.J. Puk","ARI","RP","34.0","40","2","5","3.46","1.17","13","28","11","4","33","0","1","0","143"
"Brent Headrick","NYY","RP","46.8","48","2","0","4.02","1.23","21","42","15","7","42","0","2","0","142"
"Colin Selby","BAL","RP","45.7","48","2","0","3.98","1.33","20","41","19","5","44","0","2","0","142"
"Ryan Fernandez","STL","RP","46.9","48","2","0","4.09","1.35","21","43","21","5","46","0","3","0","142"
"Josh White","MIA","RP","44.4","46","3","0","3.97","1.30","20","40","18","5","43","0","2","0","141"
"Matt Gage","SF","RP","52.5","45","2","0","4.00","1.35","23","52","19","5","52","0","2","0","141"
"Taylor Clarke","ARI","RP","54.9","45","2","0","4.36","1.29","27","55","16","8","53","0","2","0","141"
"RJ Petit","COL","RP","50.0","44","3","0","4.69","1.43","26","52","20","6","49","0","4","0","140"
"Justin Wilson","","RP","43.7","47","2","0","3.71","1.28","18","40","16","5","45","0","2","0","139"
"Evan Sisk","PIT","RP","47.6","46","2","0","3.90","1.37","21","45","21","4","48","0","2","0","139"
"Ryan Watson","BOS","RP","49.4","43","3","0","4.34","1.36","24","49","18","6","48","0","3","0","138"
"Rob Zastryzny","MIL","RP","47.0","43","3","0","4.21","1.31","22","45","17","6","49","0","2","0","137"
"Jason Alexander","HOU","SP,RP","53.1","41","3","0","4.55","1.38","27","55","18","7","26","6","3","0","137"
"Wikelman Gonzalez","CWS","SP,RP","46.8","46","2","0","4.70","1.50","24","43","28","6","42","0","3","0","137"
"Brandyn Garcia","ARI","RP","47.4","42","3","0","4.17","1.43","22","46","22","5","45","0","3","0","135"
"Hunter Bigge","TB","RP","43.9","45","2","0","4.20","1.34","20","40","19","6","42","0","2","0","134"
"Brandon Williamson","CIN","SP","51.1","43","2","0","4.75","1.37","27","51","19","8","33","3","3","0","134"
"Tanner Gordon","COL","SP","55.8","40","3","0","5.30","1.41","33","65","14","10","24","7","4","0","134"
"Danny Coulombe","","RP","44.3","44","2","0","3.78","1.25","19","39","16","5","46","0","2","0","133"
"Jordan Montgomery","TEX","SP","50.2","40","3","0","4.45","1.33","25","51","16","7","16","7","3","0","133"
"JT Brubaker","SF","RP","50.6","42","2","0","4.33","1.36","24","50","19","6","44","0","3","0","133"
"Jalen Beeks","","RP","45.8","41","3","0","4.03","1.33","21","43","18","5","45","0","2","0","132"
"Tyler Ferguson","ATH","RP","44.2","44","2","0","4.29","1.38","21","39","22","5","43","0","2","0","132"
"Peyton Pallette","CLE","RP","45.6","44","2","0","4.52","1.38","23","43","20","6","44","0","2","0","132"
"Sam Hentges","SF","RP","43.1","43","2","0","3.59","1.26","17","39","15","4","44","0","2","0","131"
"Carter Baumler","TEX","RP","49.2","42","2","0","4.59","1.42","25","47","22","6","47","0","3","0","131"
"Brady Basso","ATH","RP","47.2","42","2","0","4.14","1.31","22","46","16","6","43","0","2","0","130"
"Sam Moll","CIN","RP","43.6","43","2","0","4.23","1.35","20","40","19","5","46","0","2","0","130"
"Kyle Nicolas","PIT","RP","43.6","43","2","0","4.23","1.41","20","40","21","5","41","0","2","0","130"
"Mason Fluharty","TOR","RP","42.2","43","2","0","3.99","1.30","19","37","18","5","43","0","2","0","129"
"Jose Leclerc","","RP","40.2","44","2","0","4.18","1.32","19","35","19","5","40","0","2","0","129"
"Josh Sborz","TEX","RP","42.0","43","2","0","4.14","1.33","19","38","17","5","41","0","2","0","129"
"Luke Jackson","","RP","44.0","40","2","1","4.31","1.40","21","41","21","5","44","0","2","0","129"
"Zach Agnos","COL","RP","49.5","39","2","1","5.00","1.46","27","52","21","8","49","0","3","0","129"
"Michael Kopech","","RP","40.2","44","2","0","4.54","1.41","20","34","23","6","40","0","2","0","128"
"Adbert Alzolay","NYM","RP","43.3","42","2","0","4.18","1.26","20","40","14","6","43","0","3","0","127"
"Corbin Burnes","ARI","SP","41.2","39","3","0","3.69","1.21","17","37","13","4","7","7","2","0","126"
"Zach McCambley","PHI","RP","42.9","42","2","0","4.41","1.38","21","40","19","5","43","0","2","0","126"
"AJ Blubaugh","HOU","SP,RP","45.0","41","2","0","4.49","1.36","22","42","19","7","33","2","3","0","126"
"Brock Stewart","LAD","RP","37.0","43","2","0","3.96","1.26","16","32","15","5","38","0","2","0","125"
"Richard Lovelady","WSH","RP","45.8","40","2","0","4.12","1.30","21","44","16","5","45","0","2","0","125"
"George Soriano","STL","RP","44.0","41","2","0","4.42","1.37","22","42","18","6","39","0","2","0","125"
"Gus Varland","WSH","RP","43.4","41","2","0","4.38","1.39","21","43","18","5","43","0","2","0","125"
"Steven Cruz","KC","RP","44.0","40","2","0","4.22","1.34","21","40","19","5","44","0","2","0","124"
"Quinn Mathews","STL","SP","43.9","40","2","0","4.52","1.53","22","40","27","5","9","9","3","0","123"
"Brusdar Graterol","LAD","RP","43.6","36","3","0","3.47","1.21","17","40","12","4","44","0","2","0","122"
"Kevin Kelly","TB","RP","43.6","39","2","0","3.86","1.19","19","41","11","5","43","0","2","0","122"
"Cooper Criswell","SEA","RP","46.8","38","2","0","4.08","1.30","21","46","15","6","28","3","2","0","122"
"Colin Holderman","CLE","RP","41.7","40","2","0","4.19","1.36","19","39","18","5","42","0","2","0","122"
"Beau Brieske","DET","RP","45.6","39","2","0","4.55","1.38","23","43","20","6","44","0","2","0","122"
"Zach Maxwell","CIN","RP","39.6","41","2","0","4.59","1.47","20","36","22","6","38","0","2","0","122"
"Edgardo Henriquez","LAD","RP","37.8","41","2","0","4.27","1.37","18","34","18","5","38","0","2","0","121"
"Ron Marinaccio","SD","RP","41.2","40","2","0","4.35","1.36","20","37","19","5","40","0","2","0","121"
"Bryan Hudson","NYM","RP","40.8","39","2","0","3.95","1.31","18","36","17","5","38","0","2","0","120"
"Dylan Dodd","ATL","RP","43.7","38","2","0","4.18","1.28","20","44","12","6","40","0","2","0","120"
"Paxton Schultz","WSH","RP","42.3","39","2","0","4.41","1.36","21","41","17","6","37","0","2","0","120"
"Craig Yoho","MIL","RP","37.2","40","2","0","3.89","1.32","16","32","17","4","37","0","2","0","119"
"Jordan Wicks","CHC","SP,RP","42.1","38","2","0","4.06","1.30","19","41","14","5","26","3","2","0","119"
"Yariel Rodriguez","TOR","RP","39.8","39","2","0","4.11","1.33","18","34","18","5","38","0","2","0","119"
"Chad Green","","RP","43.5","38","2","0","4.59","1.32","22","43","15","7","43","0","3","0","119"
"Daysbel Hernandez","ATL","RP","37.6","40","2","0","4.35","1.44","18","33","21","4","37","0","2","0","119"
"Bradgley Rodriguez","SD","RP","41.3","38","2","0","4.17","1.39","19","38","19","5","40","0","2","0","118"
"Ryan Brasier","TEX","RP","42.3","37","2","0","3.97","1.23","19","39","13","5","42","0","2","0","117"
"Gregory Santos","SF","RP","41.5","37","2","0","3.84","1.39","18","40","18","3","40","0","2","0","117"
"Zach Pop","PHI","RP","46.6","36","2","0","4.52","1.40","23","48","17","6","47","0","3","0","117"
"Hayden Harris","ATL","RP","34.9","39","2","0","3.95","1.30","15","30","15","4","35","0","2","0","115"
"Austin Warren","NYM","RP","40.3","37","2","0","4.31","1.32","19","38","15","5","37","0","2","0","115"
"Troy Taylor","SEA","RP","40.6","37","2","0","4.33","1.39","20","38","19","5","42","0","2","0","115"
"Dauri Moreta","","RP","33.0","39","2","0","3.85","1.26","14","27","15","4","33","0","2","0","114"
"Yaramil Hiraldo","BAL","RP","35.8","38","2","0","4.13","1.27","16","32","13","5","35","0","1","0","114"
"Colton Gordon","HOU","SP,RP","41.7","36","2","0","4.34","1.29","20","42","12","7","33","1","2","0","114"
"Nick Sandlin","LAA","RP","36.8","38","2","0","4.37","1.32","18","32","16","6","38","0","2","0","114"
"John Klein","MIN","SP,RP","42.0","36","2","0","4.59","1.36","21","42","15","6","33","2","3","0","114"
"Brandan Bidois","PIT","RP","39.0","37","2","0","4.50","1.44","19","37","19","5","38","0","2","0","114"
"Walker Buehler","SD","SP","44.8","36","2","0","4.94","1.44","25","46","18","7","17","6","3","0","114"
"Andre Granillo","WSH","RP","37.7","37","2","0","4.39","1.36","18","34","17","5","35","0","2","0","113"
"Ethan Roberts","CHC","RP","37.1","37","2","0","4.28","1.34","18","34","15","5","36","0","2","0","112"
"Chris Murphy","CWS","RP","39.9","36","2","0","4.25","1.39","19","37","19","5","34","0","2","0","112"
"Grant Wolfram","BAL","RP","37.9","36","2","0","4.17","1.39","18","36","17","4","36","0","2","0","111"
"Bailey Horn","DET","RP","38.6","36","2","0","4.41","1.43","19","37","18","5","37","0","2","0","111"
"Drew Thorpe","CWS","SP","45.1","34","2","0","4.74","1.37","24","45","17","7","10","8","3","0","111"
"Luis Garcia","","SP","36.3","36","2","0","4.13","1.24","17","33","12","5","22","4","2","0","110"
"Kyle Hurt","LAD","RP","34.6","36","2","0","4.24","1.37","16","31","16","4","17","4","2","0","109"
"John King","MIA","RP","47.9","31","2","0","4.15","1.40","22","53","14","5","47","0","2","0","109"
"Martin Perez","ATL","SP","43.8","33","2","0","4.67","1.41","23","46","16","6","8","8","3","0","108"
"Mason Black","KC","SP,RP","41.8","34","2","0","4.95","1.46","23","43","18","6","23","3","3","0","108"
"Mason Barnett","ATH","SP","39.9","34","2","0","4.76","1.43","21","40","17","6","22","4","2","0","107"
"Chase Petty","CIN","SP","42.9","33","2","0","5.08","1.50","24","45","19","6","27","3","3","0","107"
"Jack Perkins","ATH","","32.9","35","2","0","3.91","1.26","14","28","13","4","24","0","1","0","106"
"Alex Cobb","","SP","37.9","31","3","0","4.07","1.34","17","38","13","4","8","7","2","0","106"
"Andrew Walters","CLE","RP","30.7","36","2","0","4.07","1.34","14","26","15","4","31","0","2","0","106"
"Blade Tidwell","SF","SP,RP","37.5","33","2","0","4.48","1.38","19","37","15","5","20","3","2","0","104"
"Chris Roycroft","STL","RP","39.5","32","2","0","4.39","1.46","19","40","18","4","38","0","2","0","104"
"Keegan Thompson","COL","RP","34.7","34","2","0","4.69","1.43","18","35","15","5","31","0","2","0","104"
"Cade Winquest","NYY","SP","40.6","32","2","0","4.80","1.40","22","41","16","6","37","0","2","0","104"
"Spencer Turnbull","","SP,RP","41.2","32","2","0","4.93","1.48","23","43","18","5","10","7","3","0","104"
"Christian Scott","NYM","SP","35.2","33","2","0","4.04","1.22","16","33","10","5","22","3","2","0","103"
"Carlos Rodriguez","MIL","RP","35.9","33","2","0","4.38","1.32","17","33","14","5","27","2","2","0","103"
"Robinson Ortiz","SEA","RP","34.9","33","2","0","4.19","1.41","16","31","18","4","35","0","2","0","103"
"Joey Lucchesi","","RP","41.1","31","2","0","4.30","1.39","20","41","16","5","41","0","2","0","103"
"Luinder Avila","KC","RP","36.5","32","2","0","4.25","1.38","17","35","16","4","34","0","2","0","102"
"Pedro Avila","CLE","RP","36.1","32","2","0","4.35","1.39","17","35","15","4","26","2","2","0","102"
"Jonah Tong","NYM","SP","29.4","34","2","0","3.57","1.24","12","24","13","3","12","4","2","0","101"
"Jonathan Loaisiga","ARI","RP","37.1","31","2","0","3.87","1.31","16","37","12","4","37","0","2","0","101"
"James McArthur","KC","RP","35.4","32","2","0","4.13","1.31","16","35","12","4","35","0","2","0","101"
"Kai-Wei Teng","HOU","SP,RP","32.8","33","2","0","4.37","1.37","16","30","15","4","21","2","2","0","101"
"Dylan Ross","NYM","RP","32.6","35","1","0","3.96","1.36","14","28","17","4","33","0","1","0","101"
"Tristan Beck","SF","RP","35.8","31","2","0","4.12","1.28","16","34","12","4","30","0","2","0","100"
"Michael Tonkin","","RP","34.4","32","2","0","4.46","1.32","17","33","12","5","32","0","2","0","100"
"River Ryan","LAD","SP","36.6","31","2","0","4.52","1.37","18","36","15","5","11","6","2","0","100"
"Chase Shugart","PHI","RP","37.6","31","2","0","4.59","1.38","19","37","15","5","35","0","2","0","100"
"Andrew Hoffmann","ARI","RP","34.6","31","2","0","4.28","1.39","16","34","14","4","33","0","2","0","99"
"Kendall Graveman","","RP","36.2","31","2","0","4.55","1.48","18","36","18","4","36","0","2","0","99"
"Luis Mey","CIN","RP","34.4","32","2","0","4.62","1.54","18","32","21","4","35","0","2","0","99"
"Sawyer Gipson-Long","DET","SP,RP","33.8","31","2","0","4.07","1.22","15","32","9","4","23","2","2","0","98"
"Max Lazar","PHI","RP","37.9","30","2","0","4.43","1.33","19","38","12","5","36","0","2","0","98"
"Craig Kimbrel","NYM","RP","27.5","33","2","0","4.13","1.33","13","22","14","4","28","0","2","0","97"
"Orlando Ribalta","WSH","RP","35.5","33","1","0","4.82","1.48","19","34","18","5","35","0","2","0","97"
"Reiver Sanmartin","SF","RP","38.0","28","2","0","4.11","1.37","17","40","12","4","36","0","2","0","96"
"Jedixson Paez","CWS","SP","37.0","29","2","0","4.43","1.32","18","38","11","5","34","0","2","0","96"
"Gunnar Hoglund","ATH","SP","38.5","29","2","0","4.91","1.36","21","40","12","7","18","5","2","0","96"
"Luis Curvelo","TEX","RP","32.9","30","2","0","4.47","1.36","16","31","14","5","32","0","2","0","95"
"Kendry Rojas","MIN","SP","33.1","30","2","0","4.32","1.40","16","33","13","4","27","1","2","0","95"
"Josh Walker","BAL","RP","29.1","32","2","0","4.80","1.46","16","27","16","5","26","0","2","0","95"
"Kyle Keller","BOS","RP","33.9","33","1","0","4.97","1.46","19","33","17","5","34","0","1","0","95"
"Nestor Cortes Jr.","","SP","32.9","30","2","0","4.52","1.28","17","31","11","6","6","6","2","0","94"
"Gavin Stone","LAD","SP","32.7","29","2","0","4.35","1.30","16","32","10","5","14","4","1","0","93"
"Sam Aldegheri","LAA","SP","37.6","28","2","0","5.31","1.52","22","40","18","6","9","6","3","0","93"
"Nick Raquet","STL","RP","33.9","27","2","0","4.33","1.37","16","34","12","4","33","0","2","0","90"
"Tanner McDougal","CWS","SP","32.6","28","2","0","4.65","1.43","17","31","15","4","14","5","2","0","90"
"Alek Jacob","SD","RP","34.2","30","1","0","4.80","1.42","18","33","15","5","31","0","2","0","90"
"Marc Church","TEX","RP","30.4","29","2","0","4.94","1.57","17","29","19","4","29","0","2","0","90"
"Anthony Nunez","BAL","RP","27.1","29","2","0","3.92","1.30","12","24","11","3","27","0","2","0","89"
"Yerry De los Santos","NYY","RP","32.9","27","2","0","4.07","1.36","15","32","13","4","31","0","1","0","89"
"Shane Drohan","MIL","SP","28.0","28","2","0","4.05","1.31","13","25","12","3","26","0","1","0","88"
"Keaton Winn","SF","SP,RP","31.1","27","2","0","4.19","1.31","15","31","10","4","21","2","1","0","88"
"Kyle Hart","SD","SP,RP","31.0","27","2","0","4.38","1.35","15","30","12","4","24","1","2","0","88"
"Paul Gervase","LAD","RP","27.1","29","2","0","4.54","1.38","14","24","13","4","26","0","1","0","88"
"Tyler Gilbert","CWS","SP,RP","32.5","29","1","0","4.38","1.35","16","31","13","4","31","0","2","0","88"
"Kaleb Ort","LAA","RP","29.2","30","1","0","4.66","1.40","15","26","15","4","29","0","1","0","87"
"Juan Morillo","ARI","RP","31.3","29","1","0","4.25","1.48","15","30","16","3","33","0","1","0","87"
"Prelander Berroa","CWS","RP","29.3","30","1","0","4.60","1.49","15","26","17","4","29","0","2","0","87"
"Jose Urena","","SP,RP","37.2","25","2","0","4.96","1.55","21","41","17","7","12","5","3","0","87"
"Jose De Leon","","SP,RP","29.2","28","1","1","5.24","1.61","17","30","18","5","6","6","2","0","87"
"Rafael Montero","NYY","RP","30.6","29","1","0","4.42","1.40","15","28","15","4","31","0","1","0","86"
"Mitch Farris","LAA","SP","31.4","29","1","0","4.94","1.47","17","31","15","5","6","6","2","0","86"
"Clarke Schmidt","NYY","SP","27.2","27","2","0","3.92","1.22","12","24","9","3","12","3","1","0","85"
"Jorge Lopez","","RP","30.9","26","2","0","4.48","1.36","15","31","11","4","31","0","2","0","85"
"Luis Perales","WSH","SP","27.8","27","2","0","4.34","1.42","13","25","14","3","17","2","2","0","85"
"Adam Mazur","MIA","SP","33.0","25","2","0","4.58","1.35","17","35","10","5","22","2","2","0","85"
"Luis Peralta","COL","RP","30.5","29","1","0","5.25","1.61","18","32","17","5","32","0","2","0","85"
"Liam Hendriks","MIN","RP","26.8","27","2","0","4.31","1.32","13","25","11","4","27","0","1","0","84"
"Cade Povich","BAL","SP","28.0","28","1","0","4.23","1.30","13","26","10","4","14","3","2","0","83"
"Jesse Scholtens","TB","SP,RP","31.1","27","1","0","4.42","1.32","15","31","10","5","26","0","1","0","83"
"Justin Martinez","ARI","RP","21.7","27","1","1","3.25","1.30","8","17","11","1","21","0","1","0","82"
"Dylan Smith","DET","RP","28.1","25","2","0","4.15","1.35","13","26","12","3","26","0","1","0","82"
"Tayler Saucedo","LAA","RP","30.5","27","1","0","4.30","1.42","15","30","14","3","31","0","1","0","82"
"Angel Chivilli","NYY","RP","30.5","27","1","0","4.56","1.37","15","30","11","5","28","0","2","0","82"
"Roansy Contreras","","SP,RP","32.9","24","2","0","4.92","1.46","18","35","14","6","22","1","2","0","82"
"Evan Phillips","LAD","RP","23.8","26","2","0","3.45","1.16","9","20","7","3","25","0","1","0","81"
"Tyler Samaniego","BOS","RP","28.5","24","2","0","4.39","1.43","14","29","12","3","28","0","2","0","80"
"Thomas White","MIA","SP","26.6","27","1","0","4.19","1.39","12","24","14","3","5","5","2","0","80"
"Sam Bachman","LAA","RP","29.0","24","2","0","4.45","1.46","14","28","14","3","28","0","2","0","80"
"Doug Nikhazy","CLE","RP","29.3","26","1","0","4.73","1.47","15","29","14","4","20","2","2","0","79"
"Hayden Wesneski","HOU","SP","25.9","24","2","0","4.21","1.24","12","24","8","4","17","2","1","0","78"
"Trent Thornton","CHC","RP","29.5","25","1","0","4.30","1.30","14","29","10","4","28","0","1","0","78"
"DJ Herz","WSH","SP","24.8","27","1","0","4.16","1.36","11","21","12","3","16","2","1","0","78"
"Michael Petersen","MIA","RP","27.6","26","1","0","4.48","1.36","14","27","11","4","27","0","1","0","78"
"Tim Mayza","PHI","RP","27.1","23","2","0","4.11","1.36","12","27","9","3","28","0","1","0","77"
"Scott Alexander","","RP","30.5","22","2","0","4.28","1.41","15","32","11","3","32","0","2","0","77"
"Eli Morgan","KC","RP","29.8","25","1","0","4.67","1.36","15","30","11","4","28","0","1","0","77"
"Austin Love","STL","SP","29.3","25","1","0","4.64","1.43","15","29","13","4","29","0","2","0","77"
"Jayvien Sandridge","LAA","RP","23.6","27","1","0","4.63","1.53","12","21","15","3","24","0","1","0","77"
"Drew Smith","WSH","RP","25.9","26","1","0","4.52","1.35","13","24","11","4","26","0","2","0","76"
"Wade Miley","","SP","33.0","21","2","0","4.87","1.45","18","36","12","5","8","6","3","1","76"
"Joe Jimenez","ATL","RP","22.3","26","1","0","3.69","1.17","9","19","7","2","22","0","1","0","75"
"Hunter Stratton","ATL","RP","25.3","23","2","0","4.24","1.32","12","24","9","3","24","0","1","0","75"
"Chase Lee","TOR","RP","25.6","25","1","0","4.04","1.25","11","24","8","3","24","0","1","0","75"
"Alex Carrillo","NYM","RP","23.1","26","1","0","4.35","1.37","11","20","12","3","21","0","1","0","75"
"Jayden Murray","HOU","RP","28.7","24","1","0","4.53","1.40","14","28","12","4","28","0","1","0","75"
"Cionel Perez","WSH","RP","28.5","24","1","0","4.32","1.49","14","28","15","3","28","0","1","0","75"
"Josh Simpson","SEA","RP","24.2","25","1","0","4.17","1.39","11","21","12","3","25","0","1","0","74"
"Julian Aguiar","CIN","SP","31.4","23","1","0","4.85","1.36","17","33","10","5","24","2","2","0","74"
"Yilber Diaz","ARI","RP","23.7","23","1","1","4.66","1.50","12","22","13","3","21","0","1","0","74"
"Cam Sanders","PIT","RP","25.4","25","1","0","4.70","1.53","13","24","15","3","25","0","1","0","74"
"Braden Nett","ATH","SP","29.1","24","1","0","4.89","1.50","16","29","14","4","16","3","2","0","74"
"Justin Hagenman","NYM","RP","26.2","24","1","0","4.18","1.21","12","25","7","4","22","0","1","0","73"
"Bryan Hoeing","SD","RP","28.5","23","1","0","4.18","1.32","13","28","9","3","27","0","1","0","73"
"Garrett Hawkins","SD","RP","23.9","25","1","0","4.21","1.33","11","22","10","4","24","0","1","0","73"
"Jonathan Pintaro","NYM","SP,RP","25.3","24","1","0","4.09","1.36","11","23","11","3","21","2","1","0","73"
"Ty Adcock","SD","RP","26.3","24","1","0","4.45","1.33","13","25","10","4","25","0","1","0","73"
"Coleman Crow","MIL","SP","24.3","24","1","0","3.80","1.21","10","22","7","3","17","2","1","0","72"
"Easton McGee","MIL","RP","27.1","23","1","0","4.10","1.28","12","26","9","3","24","0","1","0","72"
"Zak Kent","MIN","RP","25.3","24","1","0","4.32","1.39","12","23","12","3","23","0","1","0","72"
"Carson Whisenhunt","SF","SP","28.4","23","1","0","4.46","1.37","14","29","10","4","13","4","2","0","72"
"Chris Flexen","","RP","27.4","21","2","0","4.76","1.44","15","30","10","5","12","1","2","0","72"
"Welinton Herrera","COL","RP","24.5","24","1","0","4.43","1.43","12","24","11","3","24","0","2","0","72"
"Trevor Williams","WSH","SP","28.4","23","1","0","4.63","1.37","15","31","8","4","18","2","2","0","72"
"Ryan Harbin","PIT","RP","25.1","24","1","0","4.63","1.55","13","24","15","3","25","0","1","0","72"
"McCade Brown","COL","SP","26.2","24","1","0","5.23","1.47","15","27","11","5","8","5","2","0","72"
"Juan Burgos","ARI","RP","27.4","23","1","0","4.51","1.43","14","27","12","3","27","0","1","0","71"
"Kyle Backhus","PHI","RP","24.0","23","1","0","4.29","1.37","11","23","10","3","26","0","2","0","70"
"Jorge Alcala","TOR","RP","22.7","24","1","0","4.73","1.35","12","21","10","4","22","0","1","0","70"
"Ty Madden","DET","RP","25.9","23","1","0","4.54","1.38","13","25","10","4","17","2","1","0","70"
"Scott McGough","","RP","25.9","23","1","0","4.85","1.42","14","26","11","4","25","0","1","0","70"
"Yosver Zulueta","SEA","RP","22.1","23","1","0","3.85","1.35","9","19","11","2","21","0","1","0","69"
"Michel Otanez","TEX","RP","20.0","24","1","0","4.21","1.41","9","16","12","2","20","0","1","0","69"
"Austin Peterson","CLE","SP","29.1","21","1","0","4.64","1.30","15","30","8","5","15","3","2","0","69"
"Alan Rangel","PHI","SP,RP","27.2","22","1","0","4.78","1.34","14","27","9","5","13","3","1","0","69"
"George Klassen","LAA","SP","24.4","23","1","0","4.60","1.44","12","24","12","3","14","2","2","0","69"
"Jose Castillo","","RP","20.5","21","2","0","3.73","1.29","9","19","8","2","19","0","1","0","68"
"Brandon Young","BAL","SP","25.4","22","1","0","4.41","1.32","12","26","8","4","19","2","2","0","68"
"Ricky Tiedemann","TOR","SP","21.7","23","1","0","4.28","1.37","10","19","10","3","12","3","1","0","68"
"Jack Kochanowicz","LAA","SP","31.1","20","1","0","5.00","1.49","17","34","13","4","19","3","2","0","68"
"Jason Foley","SF","RP","25.1","21","1","0","3.60","1.23","10","24","7","2","26","0","1","0","67"
"Luke Little","CHC","RP","20.8","23","1","0","3.71","1.38","9","16","12","2","21","0","1","0","67"
"Easton Lucas","","SP,RP","23.4","22","1","0","4.23","1.39","11","22","11","3","12","1","2","0","67"
"Mitch Spence","KC","SP,RP","26.3","21","1","0","4.55","1.36","13","28","8","4","21","1","2","0","67"
"Joey Estes","ATH","SP","27.9","21","1","0","4.91","1.30","15","29","8","5","22","1","1","0","67"
"Mike Clevinger","PIT","RP","27.2","21","1","0","4.79","1.41","14","28","10","4","23","2","2","0","67"
"Ryan Johnson","LAA","RP","22.1","22","1","0","4.22","1.34","10","22","7","3","22","0","1","0","66"
"Joe Rock","TB","SP,RP","25.9","21","1","0","4.39","1.36","13","26","9","4","16","2","2","0","66"
"Bobby Miller","LAD","SP","23.4","22","1","0","4.64","1.40","12","22","10","3","20","0","1","0","66"
"William Kempner","MIA","RP","22.6","22","1","0","4.70","1.48","12","21","12","3","22","0","2","0","66"
"Dan Altavilla","MIN","RP","25.4","21","1","0","4.72","1.48","13","25","13","3","25","0","1","0","66"
"Carson Palmquist","COL","SP,RP","23.3","22","1","0","5.17","1.51","13","24","11","4","18","1","2","0","66"
"Franco Aleman","CLE","RP","20.0","22","1","0","4.20","1.38","9","18","10","2","20","0","1","0","65"
"Daniel Espino","CLE","SP","21.3","22","1","0","4.23","1.39","10","19","10","3","18","1","1","0","65"
"Hector Neris","KC","RP","21.3","22","1","0","4.53","1.38","11","19","10","3","22","0","2","0","65"
"Cameron Foster","BAL","RP","24.0","21","1","0","4.55","1.39","12","24","9","3","23","0","1","0","65"
"Cristian Mena","ARI","SP,RP","22.9","21","1","0","4.14","1.32","11","22","9","3","15","2","1","0","64"
"Jose Suarez","ATL","RP","21.6","21","1","0","4.21","1.32","10","21","7","3","19","0","1","0","64"
"Austin Gomber","TEX","SP","26.4","20","1","0","4.76","1.30","14","27","7","4","15","3","2","0","64"
"Victor Mederos","LAA","SP,RP","25.7","20","1","0","4.96","1.45","14","26","11","4","22","0","1","0","64"
"Luis Guerrero","TB","RP","23.5","21","1","0","4.90","1.51","13","22","14","3","22","0","1","0","64"
"Albert Suarez","BAL","SP,RP","24.4","20","1","0","4.61","1.37","13","25","8","4","20","0","1","0","63"
"Bryse Wilson","PHI","SP,RP","27.9","19","1","0","4.97","1.39","15","30","9","5","12","3","2","0","63"
"Grant Holman","ARI","RP","22.9","20","1","0","4.31","1.38","11","22","9","3","24","0","1","0","62"
"Robert Stock","NYM","SP,RP","19.0","21","1","0","4.27","1.45","9","17","11","3","13","1","1","0","62"
"Konnor Pilkington","DET","RP","20.2","21","1","0","4.41","1.46","10","18","12","2","21","0","1","0","62"
"Lou Trivino","PHI","RP","23.1","20","1","0","4.57","1.40","12","23","10","3","23","0","1","0","62"
"Lyon Richardson","CIN","RP","22.8","20","1","0","4.61","1.48","12","22","11","3","21","0","1","0","62"
"John Rooney","TB","RP","17.5","21","1","0","3.85","1.37","8","14","11","2","13","0","1","0","61"
"Cole Wilcox","SEA","RP","23.5","19","1","0","4.28","1.36","11","23","9","3","22","0","1","0","61"
"Caleb Boushley","","RP","24.9","19","1","0","4.52","1.41","13","27","9","4","15","1","2","0","61"
"Sam Long","","RP","21.5","20","1","0","4.81","1.51","12","22","11","3","22","0","2","0","61"
"Ronel Blanco","HOU","SP","19.4","20","1","0","4.27","1.30","9","17","8","3","9","2","1","0","60"
"Tyson Neighbors","BAL","RP","19.3","20","1","0","4.22","1.34","9","17","9","2","19","0","1","0","60"
"Cody Laweryson","MIN","RP","22.4","19","1","0","4.27","1.34","11","22","8","2","20","0","1","0","60"
"Carson Seymour","SF","SP,RP","21.9","19","1","0","4.19","1.37","10","22","9","3","17","0","1","0","60"
"Riley Martin","CHC","RP","19.2","20","1","0","4.06","1.42","9","17","10","2","19","0","1","0","60"
"Kyle Wright","CHC","SP","22.0","19","1","0","4.33","1.37","11","22","8","3","16","1","1","0","60"
"Miguel Ullola","HOU","SP,RP","19.1","20","1","0","4.36","1.40","9","16","10","3","19","0","1","0","60"
"Taylor Rashi","ARI","RP","20.4","20","1","0","4.46","1.49","10","19","11","2","12","0","1","0","60"
"Codi Heuer","CLE","RP","18.0","20","1","0","3.99","1.30","8","16","8","3","12","0","1","0","59"
"Lazaro Estrada","TOR","SP,RP","20.5","19","1","0","4.47","1.29","10","20","6","3","17","0","1","0","59"
"Jack Neely","CHC","RP","19.3","20","1","0","4.59","1.45","10","17","11","3","19","0","1","0","59"
"Seth Johnson","PHI","SP,RP","21.0","19","1","0","4.74","1.47","11","21","10","3","19","0","1","0","59"
"Gabriel Hughes","COL","SP","24.9","18","1","0","5.04","1.48","14","28","9","4","18","2","2","0","59"
"Shawn Dubin","ARI","RP","19.8","19","1","0","3.86","1.36","9","19","9","2","17","0","1","0","58"
"Derek Law","ARI","RP","21.9","18","1","0","4.23","1.37","10","22","8","2","21","0","1","0","58"
"Winston Santos","TEX","SP","16.6","20","1","0","4.33","1.38","8","15","8","3","4","4","1","0","58"
"Angel Bastardo","TOR","SP","20.2","19","1","0","4.32","1.38","10","19","9","3","17","1","1","0","58"
"Osvaldo Bido","NYY","SP,RP","20.7","19","1","0","4.66","1.39","11","20","9","3","15","0","1","0","58"
"Nick Anderson","ATH","RP","20.8","19","1","0","4.69","1.41","11","21","8","3","20","0","1","0","58"
"Colin Poche","","RP","20.5","19","1","0","4.71","1.41","11","19","10","3","22","0","1","0","58"
"Jose Corniell","TEX","SP","19.6","18","1","0","3.71","1.18","8","17","6","2","16","0","1","0","57"
"Tyler Uberstine","BOS","SP","20.7","18","1","0","4.44","1.33","10","21","7","3","14","2","1","0","57"
"Seth Martinez","BOS","RP","21.6","18","1","0","4.57","1.38","11","21","8","3","21","0","1","0","57"
"Ryan Loutos","SEA","RP","21.1","18","1","0","4.52","1.42","11","21","9","3","21","0","1","0","57"
"Alexander Alberto","CWS","RP","22.7","18","1","0","5.12","1.59","13","23","13","3","22","0","2","0","57"
"Kervin Castro","NYY","RP","19.4","18","1","0","4.27","1.36","9","18","9","2","19","0","1","0","56"
"Rolddy Munoz","ATL","RP","19.8","18","1","0","4.46","1.48","10","19","10","2","19","0","1","0","56"
"Ryan Rolison","CHC","RP","22.6","17","1","0","4.61","1.43","12","23","9","3","21","0","1","0","56"
"Landon Knack","LAD","SP","20.1","18","1","0","5.02","1.39","11","20","8","4","11","2","1","0","56"
"Scott Blewett","STL","RP","22.5","17","1","0","4.81","1.43","12","24","9","3","20","0","1","0","56"
"Andry Lara","WSH","RP","23.8","17","1","0","4.92","1.50","13","25","11","3","16","0","1","0","56"
"Ryan Borucki","CWS","RP","18.2","18","1","0","4.03","1.31","8","16","8","2","19","0","1","0","55"
"Joey Gerber","NYM","SP,RP","18.3","18","1","0","4.48","1.31","9","17","7","3","16","0","1","0","55"
"Carlos Hernandez","CLE","RP","18.1","18","1","0","4.26","1.36","9","17","8","2","18","0","1","0","55"
"Genesis Cabrera","PHI","RP","19.3","18","1","0","4.66","1.40","10","19","8","3","19","0","1","0","55"
"T.J. McFarland","","RP","24.3","16","1","0","4.43","1.42","12","26","8","3","26","0","1","0","55"
"Chayce McDermott","BAL","SP,RP","18.2","18","1","0","4.65","1.48","9","17","10","3","15","1","1","0","55"
"Michael Grove","","RP","16.4","18","1","0","3.85","1.22","7","15","5","2","12","1","1","0","54"
"Gavin Collyer","TEX","","17.9","18","1","0","4.88","1.49","10","17","10","2","18","0","1","0","54"
"Nabil Crismatt","TEX","SP,RP","21.5","17","1","0","5.24","1.47","13","24","8","5","11","1","1","0","54"
"Philip Abner","ARI","RP","18.5","17","1","0","4.13","1.35","9","18","7","2","19","0","1","0","53"
"Tink Hence","STL","SP","17.9","17","1","0","4.15","1.35","8","16","8","2","7","3","1","0","53"
"Domingo Gonzalez","SEA","RP","18.3","17","1","0","4.31","1.36","9","17","8","2","18","0","1","0","53"
"Kohl Drake","ARI","SP","18.9","17","1","0","4.44","1.38","9","19","7","3","5","3","1","0","53"
"Ronan Kopp","LAD","RP","15.8","18","1","0","4.31","1.47","8","14","10","2","16","0","1","0","53"
"Alex Hoppe","SEA","RP","18.2","17","1","0","4.27","1.46","9","17","9","2","18","0","1","0","53"
"Bryan Sammons","DET","RP","18.6","17","1","0","4.60","1.42","10","18","9","4","4","1","1","0","53"
"Ty Johnson","TB","SP,RP","16.6","17","1","0","4.08","1.25","8","15","6","2","3","3","1","0","52"
"Danny Young","ATL","RP","16.2","17","1","0","3.83","1.34","7","15","7","2","17","0","1","0","52"
"Drew Sommers","DET","RP","18.6","16","1","0","3.96","1.36","8","18","7","2","19","0","1","0","52"
"Tony Gonsolin","","SP","17.3","17","1","0","4.58","1.35","9","16","8","3","4","3","1","0","52"
"Garrett Acton","MIA","RP","17.3","17","1","0","4.57","1.36","9","16","8","3","17","0","1","0","52"
"Kolby Allard","CLE","SP,RP","20.1","16","1","0","4.56","1.37","10","21","6","3","18","0","1","0","52"
"Gavin Hollowell","CHC","RP","17.0","17","1","0","4.47","1.42","8","15","9","2","16","0","1","0","52"
"Thomas Harrington","PIT","SP,RP","19.6","16","1","0","4.77","1.37","10","20","7","3","9","3","1","0","52"
"Josh Winckowski","TOR","RP","18.1","16","1","0","3.73","1.27","8","18","6","2","12","1","1","0","51"
"Brycen Mautz","STL","SP","18.5","16","1","0","4.28","1.32","9","18","6","2","16","1","1","0","51"
"Chris Devenski","PIT","RP","18.9","16","1","0","4.55","1.34","10","19","6","3","18","0","1","0","51"
"Carson Fulmer","PIT","SP,RP","18.8","16","1","0","4.32","1.47","9","19","9","2","10","1","1","0","51"
"Jake Eder","WSH","SP","19.3","16","1","0","4.77","1.43","10","20","8","3","16","0","1","0","51"
"Travis Sykora","WSH","SP","16.5","17","1","0","4.91","1.58","9","16","11","2","16","1","1","0","51"
"Sean Guenther","DET","RP","18.5","15","1","0","3.90","1.29","8","18","6","2","18","0","1","0","50"
"Anthony Molina","ATL","RP","20.9","15","1","0","5.35","1.59","12","25","9","3","11","0","1","0","50"
"Felix Bautista","BAL","RP","12.5","17","1","0","3.34","1.16","5","9","6","1","12","0","1","0","49"
"Jhony Brito","SD","RP","18.8","15","1","0","4.22","1.32","9","19","6","2","17","0","1","0","49"
"Eric Cerantola","KC","RP","16.0","16","1","0","4.46","1.47","8","14","9","2","16","0","1","0","49"
"John Brebbia","COL","RP","16.5","16","1","0","4.98","1.41","9","17","6","3","17","0","1","0","49"
"Emiliano Teodo","TEX","RP","15.8","16","1","0","4.63","1.54","8","14","10","2","16","0","1","0","49"
"John Curtiss","ARI","RP","19.6","15","1","0","5.05","1.40","11","21","7","4","18","0","1","0","49"
"Hunter Strickland","LAA","RP","19.4","15","1","0","4.95","1.43","11","19","9","3","19","0","1","0","49"
"Lucas Sims","CWS","RP","16.4","16","1","0","5.18","1.54","9","15","11","2","18","0","1","0","49"
"Jake Woodford","TB","SP,RP","19.2","15","1","0","5.17","1.54","11","21","9","3","11","1","1","0","49"
"David Davalillo","TEX","SP","16.3","15","1","0","3.86","1.23","7","14","7","2","4","4","1","1","48"
"Evan Reifert","TB","RP","14.2","16","1","0","4.13","1.36","7","12","7","2","14","0","1","0","48"
"David Sandlin","CWS","SP,RP","17.5","15","1","0","4.41","1.33","9","17","6","3","17","0","1","0","48"
"Daison Acosta","SD","RP","14.7","16","1","0","4.24","1.40","7","13","8","2","15","0","1","0","48"
"Jose Espada","BAL","RP","14.6","16","1","0","4.48","1.35","7","13","7","2","12","0","1","0","48"
"Gage Jump","ATH","SP","16.8","15","1","0","4.44","1.35","8","16","6","2","3","3","1","0","48"
"Josh Ekness","MIA","RP","16.8","15","1","0","4.48","1.43","8","16","8","2","16","0","1","0","48"
"Matt Bowman","MIN","RP","18.3","15","1","0","4.68","1.39","10","19","7","3","16","0","1","0","48"
"Marco Raya","MIN","SP,RP","17.0","15","1","0","4.78","1.49","9","17","9","2","17","0","1","0","48"
"Tejay Antone","CIN","SP,RP","18.2","15","1","0","4.98","1.49","10","19","8","3","18","0","1","0","48"
"Davis Daniel","CIN","SP","19.3","15","1","0","5.38","1.53","12","21","9","4","6","2","2","0","48"
"Spencer Miles","TOR","SP","16.2","15","1","0","4.33","1.36","8","16","6","2","15","0","1","0","47"
"Duncan Davitt","CWS","SP","18.2","14","1","0","4.58","1.35","9","19","6","3","16","0","1","0","47"
"Nolan Hoffman","PHI","SP,RP","15.7","15","1","0","4.46","1.43","8","15","8","2","16","0","1","0","47"
"Vinny Nittoli","BOS","RP","16.3","15","1","0","4.72","1.40","9","16","6","2","15","0","1","0","47"
"Cam Booser","TB","RP","13.6","16","1","0","4.56","1.48","7","13","7","2","14","0","1","0","47"
"Jose Franco","CIN","SP,RP","15.7","15","1","0","4.84","1.41","8","15","7","2","15","0","1","0","47"
"Zack Thompson","STL","P","15.6","15","1","0","4.61","1.47","8","15","8","2","11","1","1","0","47"
"Jackson Kowar","BAL","RP","16.5","15","1","0","4.76","1.46","9","16","8","2","16","0","1","0","47"
"Ryan Burr","","SP,RP","11.0","16","1","0","3.68","1.23","5","9","5","1","12","0","1","0","46"
"Alex Faedo","","SP,RP","14.3","15","1","0","4.10","1.30","7","13","6","2","8","1","1","0","46"
"Jake Miller","DET","SP","17.0","14","1","0","4.30","1.33","8","17","6","2","17","0","1","0","46"
"Dane Dunning","SEA","SP,RP","16.9","14","1","0","4.40","1.32","8","17","6","2","9","2","1","0","46"
"Tanner Houck","BOS","SP","17.6","14","1","0","4.43","1.35","9","18","6","2","7","2","1","0","46"
"Shane Murphy","CWS","","19.8","13","1","0","4.62","1.31","10","21","5","3","20","0","1","0","46"
"Austin Cox","","RP","16.3","15","1","0","5.25","1.57","10","17","9","3","10","0","1","0","46"
"Manuel Rodriguez","TB","RP","15.3","14","1","0","3.70","1.24","6","14","5","1","15","0","1","0","45"
"Trevor Stephan","CLE","RP","15.1","14","1","0","4.29","1.32","7","14","6","2","15","0","1","0","45"
"Sammy Peralta","MIL","RP","16.3","14","1","0","4.32","1.32","8","16","6","2","13","0","1","0","45"
"Angel Perdomo","LAA","RP","13.5","15","1","0","4.45","1.43","7","12","7","2","13","0","1","0","45"
"JR Ritchie","ATL","SP","16.1","14","1","0","4.57","1.39","8","16","7","2","3","3","1","0","45"
"Jhancarlos Lara","ATL","SP,RP","13.0","15","1","0","4.33","1.50","6","12","8","1","13","0","1","0","45"
"Nate Lavender","NYM","RP","14.2","15","1","0","4.74","1.44","8","13","8","2","14","0","1","0","45"
"J.P. France","HOU","SP,RP","16.0","14","1","0","4.71","1.43","8","16","7","2","13","1","1","0","45"
"Hagen Smith","CWS","SP","13.8","15","1","0","4.55","1.55","7","10","12","1","3","3","1","0","45"
"Tyson Miller","CWS","RP","16.4","14","1","0","4.96","1.49","9","16","8","2","16","0","1","0","45"
"Tanner Rainey","DET","RP","14.2","14","1","0","4.54","1.42","7","13","8","2","14","0","1","0","44"
"Sean Reynolds","","RP","15.6","14","1","0","4.90","1.66","9","14","13","2","13","0","1","0","44"
"Andrew Morris","MIN","SP","16.3","13","1","0","4.15","1.31","8","17","4","2","14","1","1","0","43"
"Noah Schultz","CWS","SP","15.8","13","1","0","4.55","1.43","8","15","7","2","3","3","1","0","43"
"Jurrangelo Cijntje","STL","SP","16.6","13","1","0","4.62","1.45","9","17","8","3","4","4","1","0","43"
"Jeff Criswell","COL","RP","14.0","14","1","0","4.84","1.47","8","15","6","2","13","0","1","0","43"
"Brandon Waddell","NYM","RP","15.5","13","1","0","4.87","1.47","8","16","7","2","5","0","1","0","43"
"Jaden Woods","PIT","RP","15.6","13","1","0","4.79","1.50","8","16","8","2","16","0","1","0","43"
"Tyler Mattison","DET","RP","13.1","14","1","0","4.82","1.72","7","11","12","1","13","0","1","0","43"
"Bryce Jarvis","ARI","RP","17.3","13","1","0","5.34","1.62","10","18","10","3","11","0","1","0","43"
"James Karinchak","ATL","RP","11.9","14","1","0","4.51","1.40","6","10","6","2","12","0","1","0","42"
"Adam Macko","TOR","SP,RP","14.5","13","1","0","4.65","1.42","7","14","7","2","10","1","1","0","42"
"Juan Sanchez","SF","","14.0","13","1","0","4.77","1.49","7","14","7","2","14","0","1","0","42"
"Anthony Veneziano","","RP","15.3","13","1","0","4.71","1.60","8","16","9","2","15","1","1","0","42"
"Bradley Blalock","MIA","SP","17.6","12","1","0","5.31","1.54","10","20","7","3","14","1","1","0","42"
"Tom Cosgrove","HOU","RP","13.7","13","1","0","4.69","1.42","7","13","7","2","14","0","1","0","41"
"Freddy Tarnok","","SP,RP","13.1","13","1","0","4.82","1.45","7","12","8","2","7","1","1","0","41"
"Ryan Lambert","NYM","RP","13.7","15","0","0","4.21","1.33","6","11","7","2","14","0","1","0","41"
"Isaiah Campbell","ARI","RP","16.1","12","1","0","4.69","1.45","8","17","6","2","14","0","1","0","41"
"Riley Cornelio","WSH","SP","17.0","12","1","0","5.40","1.53","10","18","8","3","4","3","1","0","41"
"Zach Brzykcy","MIA","RP","15.1","15","0","0","5.49","1.69","9","15","10","2","17","0","1","0","41"
"Ixan Henderson","STL","SP","14.0","12","1","0","3.85","1.35","6","12","7","1","12","1","1","0","40"
"Miguel Castro","LAA","RP","14.2","12","1","0","4.69","1.38","7","13","7","2","14","0","0","0","40"
"Scott Effross","DET","RP","16.6","11","1","0","4.47","1.40","8","18","5","2","16","0","1","0","40"
"Joe Ross","ARI","RP","14.9","12","1","0","4.58","1.41","8","15","6","2","13","0","1","0","40"
"Ben Bowden","ATH","RP","12.1","13","1","0","4.48","1.49","6","11","8","1","14","0","1","0","40"
"Matt Waldron","SD","SP","15.4","12","1","0","4.95","1.38","8","16","5","3","4","3","1","0","40"
"Cal Quantrill","TEX","SP","15.4","12","1","0","5.05","1.40","9","16","5","2","5","3","1","0","40"
"Thomas Hatch","ARI","SP,RP","15.8","12","1","0","4.93","1.45","9","17","6","2","7","0","1","0","40"
"Tayler Scott","ATL","RP","12.9","13","1","0","5.09","1.53","7","12","7","2","12","0","0","0","40"
"Omar Cruz","SD","RP","12.7","13","1","0","5.30","1.69","8","12","10","2","6","1","1","0","40"
"Michael Arias","NYY","RP","12.5","13","1","0","5.77","2.04","8","12","14","2","11","0","1","0","40"
"Brendan Beck","NYY","SP","13.9","12","1","0","4.41","1.26","7","14","4","2","14","0","1","0","39"
"Bowden Francis","TOR","SP","13.8","12","1","0","4.55","1.27","7","13","5","3","3","3","1","0","39"
"Yunior Marte","CIN","RP","13.5","12","1","0","4.96","1.46","7","14","6","2","13","0","1","0","39"
"Beau Burrows","PIT","RP","14.3","12","1","0","5.04","1.58","8","14","9","3","14","0","1","0","39"
"Carson Ragsdale","","SP,RP","13.9","12","1","0","5.18","1.58","8","14","9","3","5","1","1","0","39"
"Ken Waldichuk","WSH","SP","12.1","12","1","0","4.60","1.44","6","11","6","2","10","0","1","0","38"
"Ben Kudrna","KC","SP","14.6","11","1","0","4.99","1.50","8","15","6","2","8","2","1","0","38"
"Tyler Zuber","MIA","RP","12.1","12","1","0","5.21","1.57","7","12","7","2","10","0","1","0","38"
"Dillon Tate","","RP","12.5","11","1","0","3.95","1.36","6","12","6","1","13","0","1","0","37"
"Michael Fulmer","SF","RP","11.2","12","1","0","4.43","1.34","6","10","6","2","11","0","1","0","37"
"Jake Bloss","TOR","SP","13.0","11","1","0","4.67","1.40","7","13","5","2","11","0","1","0","37"
"Dax Fulton","MIA","SP","13.0","11","1","0","4.51","1.47","7","13","6","2","13","0","1","0","37"
"Dom Hamel","NYY","SP,RP","14.2","13","0","0","4.61","1.39","7","14","6","2","14","0","1","0","37"
"Eduardo Salazar","MIN","RP","13.6","11","1","0","5.28","1.69","8","15","8","2","14","0","1","0","37"
"Tate Kuehner","MIL","","12.4","11","1","0","4.36","1.42","6","12","6","2","12","0","1","0","36"
"Jarlin Susana","WSH","SP","9.0","12","1","0","4.48","1.55","5","7","7","1","2","2","1","0","36"
"Josh Fleming","TOR","SP,RP","17.5","9","1","0","4.62","1.45","9","19","6","2","12","0","1","0","36"
"Connor Seabold","TOR","RP","13.0","11","1","0","5.20","1.46","8","14","6","3","7","1","1","0","36"
"Michael Darrell-Hicks","PIT","RP","12.0","11","1","0","5.24","1.58","7","13","6","2","8","1","1","0","36"
"Enoli Paredes","BAL","RP","9.6","11","1","0","3.75","1.35","4","8","6","1","8","0","1","0","35"
"Henry Baez","ATH","SP","13.2","10","1","0","4.33","1.40","6","13","5","1","11","0","0","0","35"
"Sam Benschoter","CIN","RP","13.9","10","1","0","4.49","1.41","7","14","5","2","13","0","1","0","35"
"Josh Staumont","CIN","RP","11.3","11","1","0","4.75","1.46","6","10","6","1","11","0","1","0","35"
"Anthony Maldonado","HOU","RP","11.1","11","1","0","5.26","1.57","7","11","7","2","11","0","1","0","35"
"Ky Bush","CWS","SP","14.2","10","1","0","5.09","1.57","8","14","8","2","4","3","1","0","35"
"A.J. Causey","ATH","","12.1","10","1","0","4.41","1.38","6","12","5","2","12","0","1","0","34"
"Christian Montes De Oca","ARI","RP","12.2","10","1","0","4.81","1.40","7","13","5","2","5","0","1","0","34"
"Ethan Pecko","HOU","SP","10.9","10","1","0","4.13","1.38","5","10","6","2","3","3","1","0","33"
"Shinnosuke Ogasawara","WSH","SP,RP","12.6","9","1","0","4.42","1.35","6","13","4","2","10","0","1","0","33"
"Didier Fuentes","ATL","SP","10.8","10","1","0","4.61","1.36","6","11","3","2","5","2","1","0","33"
"Joe La Sorsa","PIT","RP","13.2","9","1","0","4.28","1.41","6","13","5","1","10","0","1","0","33"
"Dale Stanavich","MIA","","10.7","10","1","0","4.49","1.50","5","10","6","1","11","0","1","0","33"
"Nick Burdi","NYM","RP","10.5","12","0","0","3.80","1.33","4","9","5","1","11","0","0","0","33"
"Brian Van Belle","TB","SP,RP","11.6","9","1","0","4.26","1.33","6","13","3","2","5","1","1","0","32"
"Dugan Darnell","DET","RP","9.2","10","1","0","4.42","1.42","5","8","5","1","8","0","1","0","32"
"Randy Dobnak","SEA","RP","11.8","9","1","0","4.48","1.42","6","12","5","1","9","0","1","0","32"
"Jake Bennett","BOS","SP","12.4","9","1","0","4.56","1.40","6","13","4","2","12","0","1","0","32"
"Wilber Dotel","PIT","SP","11.9","9","1","0","4.69","1.43","6","12","5","2","11","0","1","0","32"
"Carlos Lagrange","NYY","SP","9.3","10","1","0","4.37","1.62","5","8","8","1","2","2","1","0","32"
"Carlos Carrasco","ATL","SP","12.2","9","1","0","5.31","1.49","7","14","5","2","3","3","1","0","32"
"Dylan Coleman","NYY","RP","10.2","10","1","0","4.98","1.68","6","9","8","1","11","0","1","0","32"
"Sem Robberse","STL","SP","12.3","9","1","0","5.14","1.63","7","14","7","2","10","1","1","0","32"
"Robinson Pina","","SP","10.5","9","1","0","4.27","1.28","5","11","3","2","8","1","1","0","31"
"Mitch Bratt","ARI","SP","10.7","9","1","0","4.37","1.27","5","11","3","2","3","2","1","0","31"
"Jack Little","DET","RP","11.1","9","1","0","4.46","1.35","6","11","5","1","8","0","1","0","31"
"Blake Walston","ARI","RP","10.1","9","1","0","4.86","1.46","5","10","5","1","5","1","1","0","31"
"Elvin Rodriguez","","RP","11.6","9","1","0","5.04","1.46","7","13","4","2","3","3","1","0","31"
"Trey Gibson","BAL","SP","11.7","11","0","0","4.25","1.34","6","11","5","1","3","3","1","0","31"
"Darren McCaughan","CIN","SP,RP","11.1","9","1","0","5.28","1.44","7","13","4","3","4","1","1","0","31"
"Jared Shuster","STL","SP,RP","11.8","9","1","0","5.34","1.65","7","14","6","2","7","1","1","0","31"
"Ben Hess","NYY","SP","9.3","9","1","0","4.34","1.39","5","9","5","2","2","2","1","0","30"
"Anthony Misiewicz","CIN","RP","10.1","9","1","0","4.91","1.34","6","10","4","2","10","0","1","0","30"
"Bryce Montes de Oca","WSH","RP","10.0","11","0","0","4.05","1.47","4","9","6","1","10","0","1","0","30"
"Matt Krook","ATH","RP","8.1","9","1","0","4.46","1.61","4","7","7","1","9","0","1","0","29"
"Austin Pope","ATL","RP","8.6","9","1","0","4.72","1.57","5","9","5","1","5","0","1","0","29"
"Owen White","","SP,RP","11.8","8","1","0","5.32","1.69","7","13","8","2","6","1","1","0","29"
"Logan VanWey","HOU","RP","9.1","9","1","0","5.96","1.93","6","9","9","2","8","0","1","0","29"
"Kevin Herget","NYM","RP","9.4","8","1","0","4.16","1.23","4","9","3","1","6","0","0","0","28"
"Christian Roa","HOU","RP","9.3","8","1","0","4.38","1.40","5","8","5","1","6","1","1","0","28"
"AJ Smith-Shawver","ATL","SP","9.9","10","0","0","4.09","1.30","4","9","4","1","7","1","0","0","28"
"Nick Frasso","LAD","SP,RP","10.7","8","1","0","5.49","1.78","7","11","8","2","11","1","1","0","28"
"Jairo Iriarte","CWS","RP","11.8","10","0","0","5.35","1.68","7","11","8","2","11","0","1","0","28"
"Jake Miller","CLE","","10.0","7","1","0","4.74","1.43","5","10","4","1","10","0","1","0","27"
"Blas Castano","SEA","SP,RP","12.0","9","0","0","4.53","1.38","6","12","4","2","10","0","1","0","27"
"Tommy Henry","ARI","RP","9.0","8","1","0","5.52","1.62","6","10","5","2","2","2","0","0","27"
"Valente Bellozo","COL","SP,RP","12.5","9","0","0","5.06","1.42","7","14","4","2","9","1","1","0","27"
"Connor Thomas","MIL","RP","9.9","7","1","0","4.55","1.47","5","11","4","2","4","1","1","0","26"
"Lucas Braun","ATL","SP","7.8","7","1","0","4.05","1.22","4","7","3","1","2","2","0","0","25"
"Jean Cabrera","PHI","SP","11.9","8","0","0","4.88","1.46","6","12","5","2","3","3","1","0","25"
"Yoniel Curet","PHI","SP","10.4","9","0","0","4.94","1.54","6","10","6","1","5","2","1","0","25"
"Daniel Robert","PHI","RP","8.1","9","0","0","4.22","1.31","4","7","4","1","9","0","0","0","24"
"Michael Mercado","PHI","RP","7.8","7","1","0","5.22","1.74","5","8","6","1","6","0","1","0","24"
"Nick Hernandez","ATH","RP","8.2","9","0","0","5.03","1.41","5","8","4","1","7","0","0","0","24"
"Elmer Rodriguez","NYY","SP","8.9","8","0","0","4.05","1.36","4","9","3","1","6","1","0","0","23"
"Brody Hopkins","TB","SP","8.5","8","0","0","4.53","1.45","4","8","4","1","2","2","1","0","23"
"Walbert Urena","LAA","SP","10.3","8","0","0","4.99","1.58","6","11","5","1","8","0","1","0","23"
"Francis Pena","SD","RP","7.4","6","1","0","4.48","1.49","4","7","4","1","7","0","1","0","22"
"Reggie Crawford","SF","RP","7.6","8","0","0","4.34","1.40","4","7","4","1","8","0","0","0","22"
"Cole Irvin","LAD","SP,RP","10.3","7","0","0","4.70","1.37","5","11","3","2","3","2","0","0","22"
"Julian Merryweather","MIN","RP","8.7","8","0","0","5.14","1.47","5","9","4","1","9","0","0","0","22"
"Collin Snider","CHC","RP","9.0","7","0","0","4.54","1.38","5","9","3","1","9","0","1","0","21"
"Ryder Ryan","LAD","RP","9.3","7","0","0","4.70","1.44","5","10","4","1","9","0","1","0","21"
"Max Kranick","","RP","6.3","5","1","0","4.29","1.27","3","6","2","1","4","0","0","0","20"
"Jackson Wolf","SD","SP","7.7","7","0","0","4.24","1.35","4","7","3","1","4","0","0","0","20"
"Corbin Martin","CHC","RP","7.9","7","0","0","4.60","1.44","4","7","4","1","8","0","0","0","20"
"Pete Hansen","STL","SP","8.7","6","0","0","4.65","1.44","4","10","3","1","2","2","1","0","19"
"Sauryn Lao","","RP","7.3","6","0","0","3.95","1.29","3","7","3","1","5","0","0","0","18"
"Chen Zhong-Ao Zhuang","ATH","SP","7.8","6","0","0","4.63","1.25","4","8","2","1","8","0","0","0","18"
"Jhonathan Diaz","SEA","RP","8.1","6","0","0","4.34","1.36","4","9","2","1","5","1","0","0","18"
"Jackson Jobe","DET","SP,RP","7.7","6","0","0","4.50","1.41","4","7","4","1","3","1","0","0","18"
"Andrew Sears","DET","SP","7.6","6","0","0","4.60","1.39","4","7","3","1","8","0","0","0","18"
"Marco Gonzales","SD","SP","8.3","6","0","0","4.97","1.44","5","9","3","1","2","2","1","0","18"
"Sean Sullivan","COL","SP","8.6","6","0","0","5.28","1.40","5","9","3","1","2","2","1","0","18"
"Brandon Walter","HOU","SP","6.3","6","0","0","3.92","1.12","3","6","1","1","1","1","0","0","17"
"Christian MacLeod","MIN","","5.4","4","1","0","4.63","1.59","3","6","2","1","4","1","1","0","17"
"K.C. Hunt","MIL","SP","6.3","6","0","0","4.27","1.30","3","6","2","1","6","0","0","0","17"
"Tucker Davidson","PHI","RP","7.3","6","0","0","4.46","1.38","4","7","3","1","7","0","0","0","17"
"Guillo Zuniga","SEA","RP","7.3","6","0","0","4.47","1.39","4","7","3","1","7","0","0","0","17"
"Austin Voth","CWS","RP","7.4","6","0","0","4.86","1.37","4","8","3","1","7","0","0","0","17"
"Nathan Wiles","","RP","6.9","6","0","0","5.21","1.45","4","8","3","2","6","1","1","0","17"
"Hobie Harris","BOS","RP","7.3","6","0","0","4.83","1.54","4","8","4","1","7","0","1","0","17"
"Eric Torres","BAL","RP","6.0","6","0","0","4.98","1.60","3","6","4","1","6","0","0","0","17"
"Kevin Abel","CIN","","7.8","6","0","0","5.34","1.52","5","8","4","1","8","0","1","0","17"
"Triston McKenzie","SD","SP","6.4","6","0","0","5.17","1.45","4","6","3","1","3","1","0","0","16"
"Joel Hurtado","LAA","SP","8.1","5","0","0","5.26","1.55","5","9","3","1","2","2","1","0","16"
"Matt Seelinger","DET","","6.0","5","0","0","4.46","1.38","3","6","3","1","6","0","0","0","15"
"Ben Lively","CLE","SP","6.4","5","0","0","4.84","1.40","3","7","2","1","1","1","0","0","15"
"Carson Spiers","CIN","SP,RP","6.7","5","0","0","5.08","1.51","4","7","3","1","2","1","0","0","15"
"Casey Lawrence","SEA","RP","8.2","4","0","0","5.37","1.44","5","10","2","1","2","2","1","0","14"
"Casey Kelly","","RP","8.2","4","0","0","6.04","1.89","6","11","5","2","5","1","1","0","13"
"Joe Elbis","ARI","SP","5.2","4","0","0","4.98","1.42","3","6","2","1","2","1","0","0","12"
"Jagger Haynes","SD","SP","5.1","4","0","0","5.10","1.48","3","5","2","1","1","1","0","0","12"
"Shelby Miller","CHC","RP","3.4","4","0","0","3.84","1.20","1","3","1","0","3","0","0","0","11"
"Peyton Gray","TEX","RP","3.4","4","0","0","4.30","1.59","2","4","2","0","2","0","0","0","10"
"Robby Ahlstrom","TEX","","4.1","3","0","0","5.78","1.47","3","4","2","0","4","0","0","0","9"
"Nestor German","BAL","SP","2.2","2","0","0","4.04","1.35","1","2","1","1","1","1","0","0","6"
"Alec Marsh","KC","SP","2.3","2","0","0","3.90","1.52","1","3","1","1","1","1","0","0","6"
"Levi Wells","BAL","SP","1.8","2","0","0","5.10","1.70","1","2","1","1","1","1","0","0","5"
"Wilmer Flores","","SP","1.5","1","0","0","6.21","1.38","1","2","1","0","1","1","0","0","3"
""
""